0.363,-0.207,3.167,7.383,7.5,1,0.04685,0.00152,0.00069,0.00056
0.363,-0.207,3.167,7.383,22.5,1,0.043,0.00145,0.00054,0.00068
0.363,-0.207,3.167,7.383,37.5,1,0.0412,0.00141,0.00024,0.00079
0.363,-0.207,3.167,7.383,52.5,1,0.03692,0.00133,0.00108,0.00046
0.363,-0.207,3.167,7.383,67.5,1,0.03529,0.00125,0.00037,0.00043
0.363,-0.207,3.167,7.383,82.5,1,0.02995,0.00115,0.00085,0.00029
0.363,-0.207,3.167,7.383,97.5,1,0.02703,0.00107,0.00074,0.00037
0.363,-0.207,3.167,7.383,112.5,1,0.02304,0.00097,0.00028,0.00038
0.363,-0.207,3.167,7.383,127.5,1,0.02258,0.00096,0.00079,0.00049
0.363,-0.207,3.167,7.383,142.5,1,0.02119,0.00094,0.00043,0.00033
0.363,-0.207,3.167,7.383,157.5,1,0.02063,0.00092,0.00052,0.00004
0.363,-0.207,3.167,7.383,172.5,1,0.01966,0.00088,0.00045,0.00027
0.363,-0.207,3.167,7.383,187.5,1,0.0212,0.00093,0.00014,0.0005
0.363,-0.207,3.167,7.383,202.5,1,0.02104,0.00093,0.00023,0.00034
0.363,-0.207,3.167,7.383,217.5,1,0.02064,0.00093,0.00014,0.00079
0.363,-0.207,3.167,7.383,232.5,1,0.02057,0.00094,0.00028,0.00034
0.363,-0.207,3.167,7.383,247.5,1,0.02456,0.00104,0.00027,0.00048
0.363,-0.207,3.167,7.383,262.5,1,0.02719,0.00108,0.00066,0.00032
0.363,-0.207,3.167,7.383,277.5,1,0.02885,0.00114,0.00069,0.00007
0.363,-0.207,3.167,7.383,292.5,1,0.03594,0.00129,0.00067,0.00034
0.363,-0.207,3.167,7.383,307.5,1,0.03933,0.00132,0.00032,0.00057
0.363,-0.207,3.167,7.383,322.5,1,0.04277,0.00141,0.00057,0.00095
0.363,-0.207,3.167,7.383,337.5,1,0.04669,0.0015,0.00001,0.00083
0.363,-0.207,3.167,7.383,352.5,1,0.05042,0.00154,0.00043,0.00074
0.363,-0.293,3.169,7.383,7.5,1,0.04274,0.00173,0.00077,0.00104
0.363,-0.293,3.169,7.383,22.5,1,0.03845,0.00159,0.00106,0.00041
0.363,-0.293,3.169,7.383,37.5,1,0.03587,0.00147,0.00098,0.00008
0.363,-0.293,3.169,7.383,52.5,1,0.03162,0.0013,0.00086,0.00055
0.363,-0.293,3.169,7.383,67.5,1,0.02425,0.0011,0.00035,0.00035
0.363,-0.293,3.169,7.383,82.5,1,0.02062,0.001,0.0001,0.0005
0.363,-0.293,3.169,7.383,97.5,1,0.01769,0.0009,0.00058,0.00042
0.363,-0.293,3.169,7.383,112.5,1,0.01511,0.00081,0.00034,0.00023
0.363,-0.293,3.169,7.383,127.5,1,0.01295,0.00076,0.00036,0.00008
0.363,-0.293,3.169,7.383,142.5,1,0.01345,0.00077,0.00027,0.00018
0.363,-0.293,3.169,7.383,157.5,1,0.0107,0.00069,0.00024,0.00027
0.363,-0.293,3.169,7.383,172.5,1,0.01124,0.00071,0.00043,0.00007
0.363,-0.293,3.169,7.383,187.5,1,0.01152,0.00072,0.00023,0.00012
0.363,-0.293,3.169,7.383,202.5,1,0.0132,0.00076,0.00039,0.00017
0.363,-0.293,3.169,7.383,217.5,1,0.01397,0.00079,0.00044,0.00035
0.363,-0.293,3.169,7.383,232.5,1,0.01439,0.00084,0.00023,0.00039
0.363,-0.293,3.169,7.383,247.5,1,0.01675,0.00089,0.00079,0.00012
0.363,-0.293,3.169,7.383,262.5,1,0.01842,0.00096,0.00019,0.00063
0.363,-0.293,3.169,7.383,277.5,1,0.02197,0.00107,0.00014,0.00077
0.363,-0.293,3.169,7.383,292.5,1,0.02567,0.00119,0.00096,0
0.363,-0.293,3.169,7.383,307.5,1,0.03149,0.00131,0.00065,0.00048
0.363,-0.293,3.169,7.383,322.5,1,0.0391,0.00144,0.00054,0.00085
0.363,-0.293,3.169,7.383,337.5,1,0.04204,0.00155,0.00039,0.00033
0.363,-0.293,3.169,7.383,352.5,1,0.04614,0.00172,0.00088,0.00045
0.365,-0.379,3.18,7.383,7.5,1,0.03354,0.0026,0.00034,0.00079
0.365,-0.379,3.18,7.383,22.5,1,0.03077,0.00214,0.00119,0.00026
0.365,-0.379,3.18,7.383,37.5,1,0.02466,0.00151,0.00035,0.00043
0.365,-0.379,3.18,7.383,52.5,1,0.02045,0.00122,0.00018,0.00054
0.365,-0.379,3.18,7.383,67.5,1,0.01693,0.001,0.00037,0.00025
0.365,-0.379,3.18,7.383,82.5,1,0.01414,0.0009,0.00054,0.00018
0.365,-0.379,3.18,7.383,97.5,1,0.01212,0.00078,0.00022,0.00033
0.365,-0.379,3.18,7.383,112.5,1,0.01077,0.00072,0.00028,0.0001
0.365,-0.379,3.18,7.383,127.5,1,0.00957,0.00068,0.00028,0.00035
0.365,-0.379,3.18,7.383,142.5,1,0.00859,0.00066,0.00023,0.00018
0.365,-0.379,3.18,7.383,157.5,1,0.00905,0.00067,0.00018,0.00031
0.365,-0.379,3.18,7.383,172.5,1,0.00928,0.00069,0.00036,0.0001
0.365,-0.379,3.18,7.383,187.5,1,0.0089,0.00066,0.00005,0.00031
0.365,-0.379,3.18,7.383,202.5,1,0.01015,0.00073,0.00026,0.00014
0.365,-0.379,3.18,7.383,217.5,1,0.00931,0.00069,0.0003,0.00006
0.365,-0.379,3.18,7.383,232.5,1,0.00957,0.00071,0.00034,0.00011
0.365,-0.379,3.18,7.383,247.5,1,0.01043,0.00077,0.00037,0.00011
0.365,-0.379,3.18,7.383,262.5,1,0.014,0.00086,0.00048,0.00032
0.365,-0.379,3.18,7.383,277.5,1,0.01522,0.00095,0.00054,0.00018
0.365,-0.379,3.18,7.383,292.5,1,0.01955,0.00113,0.00034,0.00056
0.365,-0.379,3.18,7.383,307.5,1,0.02395,0.00128,0.0003,0.00038
0.365,-0.379,3.18,7.383,322.5,1,0.02902,0.00147,0.00046,0.00025
0.365,-0.379,3.18,7.383,337.5,1,0.03418,0.002,0.00155,0.00057
0.365,-0.379,3.18,7.383,352.5,1,0.03616,0.00263,0.00081,0.00034
0.365,-0.465,3.184,7.383,7.5,1,0.02955,0.00695,0.00232,0.00199
0.365,-0.465,3.184,7.383,22.5,1,0.02071,0.0039,0.00106,0.00102
0.365,-0.465,3.184,7.383,37.5,1,0.02158,0.00199,0.00015,0.0011
0.365,-0.465,3.184,7.383,52.5,1,0.01744,0.0013,0.00013,0.00039
0.365,-0.465,3.184,7.383,67.5,1,0.01317,0.00101,0.00023,0.00027
0.365,-0.465,3.184,7.383,82.5,1,0.01215,0.00091,0.0005,0.00054
0.365,-0.465,3.184,7.383,97.5,1,0.00961,0.0008,0.00043,0.00038
0.365,-0.465,3.184,7.383,112.5,1,0.008,0.00069,0.00014,0.00033
0.365,-0.465,3.184,7.383,127.5,1,0.00694,0.00063,0.0003,0.00011
0.365,-0.465,3.184,7.383,142.5,1,0.00632,0.0006,0.00013,0.0002
0.365,-0.465,3.184,7.383,157.5,1,0.00626,0.00063,0.00023,0.00099
0.365,-0.465,3.184,7.383,172.5,1,0.00696,0.00071,0.00045,0.00011
0.365,-0.465,3.184,7.383,187.5,1,0.00595,0.00067,0.00033,0.00029
0.365,-0.465,3.184,7.383,202.5,1,0.00789,0.00069,0.00026,0.00006
0.365,-0.465,3.184,7.383,217.5,1,0.00803,0.00068,0.00016,0.00003
0.365,-0.465,3.184,7.383,232.5,1,0.00696,0.00066,0.00044,0.00015
0.365,-0.465,3.184,7.383,247.5,1,0.0083,0.00071,0.00023,0.0003
0.365,-0.465,3.184,7.383,262.5,1,0.0089,0.0008,0.00015,0.00029
0.365,-0.465,3.184,7.383,277.5,1,0.01166,0.00095,0.0003,0.00033
0.365,-0.465,3.184,7.383,292.5,1,0.01447,0.00113,0.00017,0.00032
0.365,-0.465,3.184,7.383,307.5,1,0.0186,0.00139,0.00018,0.00065
0.365,-0.465,3.184,7.383,322.5,1,0.02048,0.00185,0.0006,0.00082
0.365,-0.465,3.184,7.383,337.5,1,0.02193,0.00347,0.00084,0.00116
0.365,-0.465,3.184,7.383,352.5,1,0.0175,0.0061,0.00165,0.00301
0.364,-0.581,3.18,7.383,7.5,1,0.02843,0.03369,0.00662,0.00278
0.364,-0.581,3.18,7.383,22.5,1,0.0197,0.00961,0.00266,0.00575
0.364,-0.581,3.18,7.383,37.5,1,0.01216,0.00246,0.00063,0.00008
0.364,-0.581,3.18,7.383,52.5,1,0.00941,0.00117,0.00057,0.0003
0.364,-0.581,3.18,7.383,67.5,1,0.00874,0.00087,0.00029,0.00025
0.364,-0.581,3.18,7.383,82.5,1,0.0073,0.00074,0.00043,0.0002
0.364,-0.581,3.18,7.383,97.5,1,0.00619,0.00064,0.00011,0.0003
0.364,-0.581,3.18,7.383,112.5,1,0.00509,0.00053,0.00014,0.00021
0.364,-0.581,3.18,7.383,127.5,1,0.00483,0.00046,0.0002,0.0001
0.364,-0.581,3.18,7.383,142.5,1,0.00533,0.00052,0.0001,0.00015
0.364,-0.581,3.18,7.383,157.5,1,0.00689,0.00076,0.00025,0.00041
0.364,-0.581,3.18,7.383,172.5,1,0.00612,0.00095,0.00085,0.00026
0.364,-0.581,3.18,7.383,187.5,1,0.00686,0.00105,0.00014,0.00074
0.364,-0.581,3.18,7.383,202.5,1,0.00775,0.0008,0.00022,0.00039
0.364,-0.581,3.18,7.383,217.5,1,0.00561,0.00057,0.00028,0
0.364,-0.581,3.18,7.383,232.5,1,0.00662,0.00052,0.00014,0.0001
0.364,-0.581,3.18,7.383,247.5,1,0.00541,0.00052,0.00027,0.00027
0.364,-0.581,3.18,7.383,262.5,1,0.00706,0.00069,0.00024,0.00017
0.364,-0.581,3.18,7.383,277.5,1,0.00813,0.00081,0.00038,0.00042
0.364,-0.581,3.18,7.383,292.5,1,0.01023,0.00095,0.00026,0.00052
0.364,-0.581,3.18,7.383,307.5,1,0.01522,0.0014,0.00042,0.00022
0.364,-0.581,3.18,7.383,322.5,1,0.01818,0.00262,0.00101,0.00055
0.364,-0.581,3.18,7.383,337.5,1,0.02104,0.00925,0,0.00385
0.364,-0.581,3.18,7.383,352.5,1,0.00139,0.04829,0.0225,0.00333
0.367,-0.197,3.65,8.521,7.5,1,0.02745,0.00092,0.00069,0
0.367,-0.197,3.65,8.521,22.5,1,0.02291,0.00084,0.0007,0.00013
0.367,-0.197,3.65,8.521,37.5,1,0.02277,0.00084,0.00038,0.0005
0.367,-0.197,3.65,8.521,52.5,1,0.02077,0.00081,0.00023,0.00045
0.367,-0.197,3.65,8.521,67.5,1,0.02182,0.00079,0.00016,0.00052
0.367,-0.197,3.65,8.521,82.5,1,0.01831,0.00074,0.00055,0.00001
0.367,-0.197,3.65,8.521,97.5,1,0.01753,0.00072,0.00016,0.00027
0.367,-0.197,3.65,8.521,112.5,1,0.01642,0.00068,0.00053,0.00033
0.367,-0.197,3.65,8.521,127.5,1,0.01565,0.00065,0.00035,0.00013
0.367,-0.197,3.65,8.521,142.5,1,0.01412,0.00062,0.00041,0.0002
0.367,-0.197,3.65,8.521,157.5,1,0.01291,0.0006,0.00043,0.00023
0.367,-0.197,3.65,8.521,172.5,1,0.01295,0.0006,0.00051,0.00022
0.367,-0.197,3.65,8.521,187.5,1,0.01221,0.0006,0.00037,0.00034
0.367,-0.197,3.65,8.521,202.5,1,0.01352,0.00063,0.00016,0.00031
0.367,-0.197,3.65,8.521,217.5,1,0.01328,0.00062,0.00028,0.00024
0.367,-0.197,3.65,8.521,232.5,1,0.01609,0.00068,0.00009,0.00031
0.367,-0.197,3.65,8.521,247.5,1,0.01518,0.00067,0.00021,0.00039
0.367,-0.197,3.65,8.521,262.5,1,0.01853,0.00073,0.00051,0.0002
0.367,-0.197,3.65,8.521,277.5,1,0.02088,0.00078,0.00041,0.00034
0.367,-0.197,3.65,8.521,292.5,1,0.02143,0.00079,0.00048,0.00021
0.367,-0.197,3.65,8.521,307.5,1,0.0225,0.00082,0.00048,0.00058
0.367,-0.197,3.65,8.521,322.5,1,0.02521,0.00087,0.00021,0.00081
0.367,-0.197,3.65,8.521,337.5,1,0.0237,0.00086,0.00097,0.00042
0.367,-0.197,3.65,8.521,352.5,1,0.0257,0.0009,0.00063,0.00059
0.367,-0.258,3.653,8.521,7.5,1,0.02351,0.00102,0.00069,0.00037
0.367,-0.258,3.653,8.521,22.5,1,0.02188,0.00096,0.00066,0.00016
0.367,-0.258,3.653,8.521,37.5,1,0.01989,0.00084,0.00089,0.00002
0.367,-0.258,3.653,8.521,52.5,1,0.01905,0.00078,0,0.00083
0.367,-0.258,3.653,8.521,67.5,1,0.01792,0.00074,0.00026,0.00023
0.367,-0.258,3.653,8.521,82.5,1,0.01338,0.00065,0.00015,0.00012
0.367,-0.258,3.653,8.521,97.5,1,0.01181,0.00061,0.00019,0.00023
0.367,-0.258,3.653,8.521,112.5,1,0.01052,0.00055,0.00018,0.00047
0.367,-0.258,3.653,8.521,127.5,1,0.01087,0.00056,0.00029,0.00031
0.367,-0.258,3.653,8.521,142.5,1,0.00984,0.00052,0.00014,0.00051
0.367,-0.258,3.653,8.521,157.5,1,0.00812,0.00049,0.00007,0.00031
0.367,-0.258,3.653,8.521,172.5,1,0.00882,0.0005,0.00048,0.00006
0.367,-0.258,3.653,8.521,187.5,1,0.00874,0.00049,0.00016,0.00057
0.367,-0.258,3.653,8.521,202.5,1,0.00999,0.00054,0.00007,0.00039
0.367,-0.258,3.653,8.521,217.5,1,0.01052,0.00056,0.00016,0.00034
0.367,-0.258,3.653,8.521,232.5,1,0.0097,0.00056,0.00028,0.00031
0.367,-0.258,3.653,8.521,247.5,1,0.01104,0.00058,0.00018,0.00049
0.367,-0.258,3.653,8.521,262.5,1,0.01297,0.00062,0.00027,0.00022
0.367,-0.258,3.653,8.521,277.5,1,0.01426,0.00066,0.00052,0.00014
0.367,-0.258,3.653,8.521,292.5,1,0.01711,0.00072,0.00043,0.00024
0.367,-0.258,3.653,8.521,307.5,1,0.01966,0.00078,0,0.00077
0.367,-0.258,3.653,8.521,322.5,1,0.02217,0.00085,0.00014,0.00051
0.367,-0.258,3.653,8.521,337.5,1,0.02531,0.00097,0.00041,0.0008
0.367,-0.258,3.653,8.521,352.5,1,0.02354,0.001,0.00118,0.00038
0.369,-0.32,3.669,8.521,7.5,1,0.02152,0.00152,0.00094,0.00033
0.369,-0.32,3.669,8.521,22.5,1,0.01662,0.00119,0.001,0.00014
0.369,-0.32,3.669,8.521,37.5,1,0.01676,0.00094,0.00051,0.00043
0.369,-0.32,3.669,8.521,52.5,1,0.01518,0.00077,0.00039,0.00016
0.369,-0.32,3.669,8.521,67.5,1,0.0124,0.00067,0.00027,0.00027
0.369,-0.32,3.669,8.521,82.5,1,0.01033,0.00059,0.00016,0.00024
0.369,-0.32,3.669,8.521,97.5,1,0.00883,0.00054,0.00013,0.00013
0.369,-0.32,3.669,8.521,112.5,1,0.00848,0.00052,0.00011,0.00039
0.369,-0.32,3.669,8.521,127.5,1,0.00774,0.00048,0.00015,0.00036
0.369,-0.32,3.669,8.521,142.5,1,0.00669,0.00045,0.0002,0.00004
0.369,-0.32,3.669,8.521,157.5,1,0.00706,0.00045,0.00017,0.00027
0.369,-0.32,3.669,8.521,172.5,1,0.00607,0.00045,0.00027,0.00007
0.369,-0.32,3.669,8.521,187.5,1,0.00688,0.00046,0.00021,0.00019
0.369,-0.32,3.669,8.521,202.5,1,0.00709,0.00047,0.00013,0.00026
0.369,-0.32,3.669,8.521,217.5,1,0.00711,0.00048,0.00014,0.00029
0.369,-0.32,3.669,8.521,232.5,1,0.00791,0.0005,0.00035,0.00018
0.369,-0.32,3.669,8.521,247.5,1,0.00943,0.00054,0.00033,0.00013
0.369,-0.32,3.669,8.521,262.5,1,0.00964,0.00057,0.00022,0.00033
0.369,-0.32,3.669,8.521,277.5,1,0.01201,0.00062,0,0.0003
0.369,-0.32,3.669,8.521,292.5,1,0.01434,0.00069,0.00024,0.00022
0.369,-0.32,3.669,8.521,307.5,1,0.0167,0.00075,0.00018,0.00049
0.369,-0.32,3.669,8.521,322.5,1,0.01846,0.00091,0.00052,0.00039
0.369,-0.32,3.669,8.521,337.5,1,0.02024,0.00123,0.00031,0.0007
0.369,-0.32,3.669,8.521,352.5,1,0.02407,0.00156,0.00073,0.00081
0.37,-0.381,3.678,8.521,7.5,1,0.02249,0.00293,0.00307,0.00159
0.37,-0.381,3.678,8.521,22.5,1,0.01557,0.00191,0.00075,0.0007
0.37,-0.381,3.678,8.521,37.5,1,0.01178,0.00112,0.001,0.00035
0.37,-0.381,3.678,8.521,52.5,1,0.01153,0.00079,0.00039,0.00013
0.37,-0.381,3.678,8.521,67.5,1,0.01058,0.00067,0.00033,0.00009
0.37,-0.381,3.678,8.521,82.5,1,0.00792,0.00055,0.0003,0.0002
0.37,-0.381,3.678,8.521,97.5,1,0.00719,0.00051,0.00027,0.00024
0.37,-0.381,3.678,8.521,112.5,1,0.006,0.00045,0.00027,0.00003
0.37,-0.381,3.678,8.521,127.5,1,0.00568,0.00042,0.00011,0.00016
0.37,-0.381,3.678,8.521,142.5,1,0.00482,0.00039,0.00033,0.00009
0.37,-0.381,3.678,8.521,157.5,1,0.00522,0.00041,0.00018,0.00012
0.37,-0.381,3.678,8.521,172.5,1,0.00543,0.00043,0.00013,0.00015
0.37,-0.381,3.678,8.521,187.5,1,0.00522,0.00042,0.00023,0.00015
0.37,-0.381,3.678,8.521,202.5,1,0.0054,0.00042,0.00031,0.00017
0.37,-0.381,3.678,8.521,217.5,1,0.00624,0.00046,0.00004,0.0002
0.37,-0.381,3.678,8.521,232.5,1,0.00577,0.00044,0.0003,0.00012
0.37,-0.381,3.678,8.521,247.5,1,0.00606,0.00048,0.00017,0.0001
0.37,-0.381,3.678,8.521,262.5,1,0.00823,0.00053,0.00038,0.00026
0.37,-0.381,3.678,8.521,277.5,1,0.00793,0.00055,0.00044,0.00018
0.37,-0.381,3.678,8.521,292.5,1,0.01138,0.00067,0.00022,0.00032
0.37,-0.381,3.678,8.521,307.5,1,0.01269,0.00076,0.00052,0.00066
0.37,-0.381,3.678,8.521,322.5,1,0.01336,0.0011,0.00041,0.00025
0.37,-0.381,3.678,8.521,337.5,1,0.02103,0.002,0.00048,0.00077
0.37,-0.381,3.678,8.521,352.5,1,0.02372,0.00305,0.00101,0.00186
0.37,-0.469,3.679,8.521,7.5,1,0.02255,0.00759,0.0012,0.00468
0.37,-0.469,3.679,8.521,22.5,1,0.01037,0.00298,0.00141,0.00089
0.37,-0.469,3.679,8.521,37.5,1,0.00918,0.00131,0.00047,0.00043
0.37,-0.469,3.679,8.521,52.5,1,0.0092,0.00072,0.00021,0.00023
0.37,-0.469,3.679,8.521,67.5,1,0.00797,0.00053,0.00022,0.00019
0.37,-0.469,3.679,8.521,82.5,1,0.00643,0.00044,0.00018,0.00014
0.37,-0.469,3.679,8.521,97.5,1,0.00535,0.00038,0.00018,0.00009
0.37,-0.469,3.679,8.521,112.5,1,0.00473,0.00033,0.00009,0.00007
0.37,-0.469,3.679,8.521,127.5,1,0.00404,0.00027,0.00009,0.00004
0.37,-0.469,3.679,8.521,142.5,1,0.00427,0.00028,0.00004,0.00017
0.37,-0.469,3.679,8.521,157.5,1,0.00397,0.00029,0.00014,0.00008
0.37,-0.469,3.679,8.521,172.5,1,0.00379,0.00028,0.00023,0.00002
0.37,-0.469,3.679,8.521,187.5,1,0.00432,0.0003,0.00013,0.00002
0.37,-0.469,3.679,8.521,202.5,1,0.00444,0.00029,0.0001,0.00012
0.37,-0.469,3.679,8.521,217.5,1,0.00437,0.00029,0.00002,0.00018
0.37,-0.469,3.679,8.521,232.5,1,0.00451,0.00029,0.00005,0.00015
0.37,-0.469,3.679,8.521,247.5,1,0.00515,0.00033,0.0001,0.00014
0.37,-0.469,3.679,8.521,262.5,1,0.00619,0.00038,0.00006,0.00023
0.37,-0.469,3.679,8.521,277.5,1,0.00623,0.0004,0.00018,0.00024
0.37,-0.469,3.679,8.521,292.5,1,0.00841,0.00051,0.00012,0.00031
0.37,-0.469,3.679,8.521,307.5,1,0.00946,0.00067,0.00032,0.00021
0.37,-0.469,3.679,8.521,322.5,1,0.01176,0.00124,0.00055,0.00035
0.37,-0.469,3.679,8.521,337.5,1,0.01031,0.00291,0.00035,0.00171
0.37,-0.469,3.679,8.521,352.5,1,0.01412,0.00754,0.00181,0.00294
0.369,-0.198,4.532,10.591,7.5,1,0.01394,0.00058,0.00016,0.00043
0.369,-0.198,4.532,10.591,22.5,1,0.01292,0.00056,0.00029,0.00051
0.369,-0.198,4.532,10.591,37.5,1,0.01305,0.00056,0.00014,0.00045
0.369,-0.198,4.532,10.591,52.5,1,0.01216,0.00054,0.00025,0.00021
0.369,-0.198,4.532,10.591,67.5,1,0.01147,0.00052,0.00044,0.00019
0.369,-0.198,4.532,10.591,82.5,1,0.01128,0.00051,0.00031,0.00037
0.369,-0.198,4.532,10.591,97.5,1,0.00875,0.00046,0.00029,0.00013
0.369,-0.198,4.532,10.591,112.5,1,0.00914,0.00046,0.00011,0.00013
0.369,-0.198,4.532,10.591,127.5,1,0.00904,0.00045,0.00029,0.00016
0.369,-0.198,4.532,10.591,142.5,1,0.00838,0.00044,0.00017,0.0001
0.369,-0.198,4.532,10.591,157.5,1,0.00828,0.00044,0.00005,0.00026
0.369,-0.198,4.532,10.591,172.5,1,0.00798,0.00043,0,0.00031
0.369,-0.198,4.532,10.591,187.5,1,0.00774,0.00043,0.00017,0.00013
0.369,-0.198,4.532,10.591,202.5,1,0.00841,0.00045,0.00016,0.0002
0.369,-0.198,4.532,10.591,217.5,1,0.00853,0.00045,0.00017,0.00003
0.369,-0.198,4.532,10.591,232.5,1,0.00991,0.00049,0.00043,0.00005
0.369,-0.198,4.532,10.591,247.5,1,0.00969,0.00049,0.00032,0.00022
0.369,-0.198,4.532,10.591,262.5,1,0.01021,0.00049,0.00032,0.0001
0.369,-0.198,4.532,10.591,277.5,1,0.01093,0.00051,0.00016,0.00037
0.369,-0.198,4.532,10.591,292.5,1,0.01223,0.00054,0.0003,0.00028
0.369,-0.198,4.532,10.591,307.5,1,0.01236,0.00054,0.00024,0.00021
0.369,-0.198,4.532,10.591,322.5,1,0.01382,0.00057,0.00015,0.0003
0.369,-0.198,4.532,10.591,337.5,1,0.01543,0.00061,0.00021,0.00037
0.369,-0.198,4.532,10.591,352.5,1,0.01376,0.00058,0.00039,0.00031
0.37,-0.26,4.55,10.591,7.5,1,0.01389,0.00073,0.00056,0.00041
0.37,-0.26,4.55,10.591,22.5,1,0.01177,0.00065,0.00033,0.00023
0.37,-0.26,4.55,10.591,37.5,1,0.00954,0.00054,0.00012,0.00009
0.37,-0.26,4.55,10.591,52.5,1,0.00879,0.00048,0.00026,0.00018
0.37,-0.26,4.55,10.591,67.5,1,0.00877,0.00047,0.00018,0.0003
0.37,-0.26,4.55,10.591,82.5,1,0.00784,0.00044,0.00008,0.00022
0.37,-0.26,4.55,10.591,97.5,1,0.0074,0.00043,0.00031,0.00004
0.37,-0.26,4.55,10.591,112.5,1,0.00655,0.0004,0.00027,0.00016
0.37,-0.26,4.55,10.591,127.5,1,0.00683,0.0004,0.00031,0.00011
0.37,-0.26,4.55,10.591,142.5,1,0.00609,0.00037,0.00007,0.00014
0.37,-0.26,4.55,10.591,157.5,1,0.00604,0.00037,0.0001,0.0001
0.37,-0.26,4.55,10.591,172.5,1,0.0053,0.00034,0.0001,0.0002
0.37,-0.26,4.55,10.591,187.5,1,0.00595,0.00037,0.00016,0.0001
0.37,-0.26,4.55,10.591,202.5,1,0.00508,0.00035,0.00015,0.00014
0.37,-0.26,4.55,10.591,217.5,1,0.00708,0.00041,0.00025,0.00022
0.37,-0.26,4.55,10.591,232.5,1,0.00615,0.0004,0.00029,0.00021
0.37,-0.26,4.55,10.591,247.5,1,0.00624,0.0004,0.00025,0.00017
0.37,-0.26,4.55,10.591,262.5,1,0.00709,0.00042,0.00024,0.00013
0.37,-0.26,4.55,10.591,277.5,1,0.00813,0.00045,0.00028,0.00014
0.37,-0.26,4.55,10.591,292.5,1,0.01028,0.00049,0.0002,0.00026
0.37,-0.26,4.55,10.591,307.5,1,0.01114,0.00052,0.00044,0.00008
0.37,-0.26,4.55,10.591,322.5,1,0.01281,0.0006,0.00035,0.00034
0.37,-0.26,4.55,10.591,337.5,1,0.01276,0.00064,0.00045,0.00012
0.37,-0.26,4.55,10.591,352.5,1,0.01299,0.0007,0.00049,0.00017
0.372,-0.321,4.574,10.591,7.5,1,0.0105,0.00103,0.00056,0.0004
0.372,-0.321,4.574,10.591,22.5,1,0.00951,0.00082,0.00012,0.00031
0.372,-0.321,4.574,10.591,37.5,1,0.00808,0.00062,0.00023,0.00008
0.372,-0.321,4.574,10.591,52.5,1,0.00748,0.00051,0.00031,0.00032
0.372,-0.321,4.574,10.591,67.5,1,0.00708,0.00045,0.00019,0.0001
0.372,-0.321,4.574,10.591,82.5,1,0.00618,0.00041,0.00011,0.00012
0.372,-0.321,4.574,10.591,97.5,1,0.00507,0.00037,0.00029,0.00009
0.372,-0.321,4.574,10.591,112.5,1,0.0045,0.00033,0.0001,0.00006
0.372,-0.321,4.574,10.591,127.5,1,0.00465,0.00032,0.00013,0.00019
0.372,-0.321,4.574,10.591,142.5,1,0.00449,0.00031,0.00012,0.00012
0.372,-0.321,4.574,10.591,157.5,1,0.00362,0.00029,0.00009,0.00017
0.372,-0.321,4.574,10.591,172.5,1,0.00386,0.00029,0.00005,0.00013
0.372,-0.321,4.574,10.591,187.5,1,0.00342,0.00027,0.00011,0.00014
0.372,-0.321,4.574,10.591,202.5,1,0.00392,0.00031,0.00003,0.0001
0.372,-0.321,4.574,10.591,217.5,1,0.00443,0.00033,0.00015,0.00018
0.372,-0.321,4.574,10.591,232.5,1,0.00498,0.00034,0.00021,0.00007
0.372,-0.321,4.574,10.591,247.5,1,0.00578,0.00038,0.00014,0.00008
0.372,-0.321,4.574,10.591,262.5,1,0.00575,0.00038,0.00035,0.00011
0.372,-0.321,4.574,10.591,277.5,1,0.00626,0.0004,0.00036,0.00006
0.372,-0.321,4.574,10.591,292.5,1,0.00765,0.00046,0.00032,0.00017
0.372,-0.321,4.574,10.591,307.5,1,0.00948,0.00052,0.00028,0.00036
0.372,-0.321,4.574,10.591,322.5,1,0.00947,0.00064,0.00041,0.00024
0.372,-0.321,4.574,10.591,337.5,1,0.01134,0.00084,0.00045,0.00032
0.372,-0.321,4.574,10.591,352.5,1,0.01109,0.00101,0.00041,0.00021
0.373,-0.383,4.585,10.591,7.5,1,0.00937,0.00159,0.00037,0.0005
0.373,-0.383,4.585,10.591,22.5,1,0.00844,0.00122,0.0003,0.00053
0.373,-0.383,4.585,10.591,37.5,1,0.00698,0.00079,0.00031,0.0003
0.373,-0.383,4.585,10.591,52.5,1,0.00701,0.00058,0.00039,0.00011
0.373,-0.383,4.585,10.591,67.5,1,0.00536,0.00047,0.00012,0.00019
0.373,-0.383,4.585,10.591,82.5,1,0.00555,0.00044,0.0001,0.00009
0.373,-0.383,4.585,10.591,97.5,1,0.00438,0.00037,0.00013,0.00014
0.373,-0.383,4.585,10.591,112.5,1,0.0039,0.00034,0.00016,0.00011
0.373,-0.383,4.585,10.591,127.5,1,0.00341,0.0003,0.00018,0.00005
0.373,-0.383,4.585,10.591,142.5,1,0.0034,0.00029,0.00008,0.0001
0.373,-0.383,4.585,10.591,157.5,1,0.00302,0.00027,0.00009,0.00011
0.373,-0.383,4.585,10.591,172.5,1,0.00296,0.00027,0.0002,0.00002
0.373,-0.383,4.585,10.591,187.5,1,0.00335,0.00029,0.0001,0.00006
0.373,-0.383,4.585,10.591,202.5,1,0.00285,0.00027,0.00013,0.00005
0.373,-0.383,4.585,10.591,217.5,1,0.00294,0.00029,0.00013,0.0001
0.373,-0.383,4.585,10.591,232.5,1,0.0036,0.00032,0.00016,0.00011
0.373,-0.383,4.585,10.591,247.5,1,0.00418,0.00035,0.00009,0.00016
0.373,-0.383,4.585,10.591,262.5,1,0.00472,0.00038,0.00016,0.0002
0.373,-0.383,4.585,10.591,277.5,1,0.0056,0.00043,0.00021,0.00029
0.373,-0.383,4.585,10.591,292.5,1,0.00675,0.00049,0.00014,0.00015
0.373,-0.383,4.585,10.591,307.5,1,0.00784,0.00058,0.00019,0.00012
0.373,-0.383,4.585,10.591,322.5,1,0.00897,0.00081,0.00043,0.00023
0.373,-0.383,4.585,10.591,337.5,1,0.00939,0.00121,0.00024,0.00037
0.373,-0.383,4.585,10.591,352.5,1,0.01118,0.0017,0.00057,0.00051
0.371,-0.47,4.568,10.591,7.5,1,0.01178,0.00354,0.00054,0.00105
0.371,-0.47,4.568,10.591,22.5,1,0.0059,0.00174,0.00053,0.00061
0.371,-0.47,4.568,10.591,37.5,1,0.0056,0.00091,0.00041,0.00023
0.371,-0.47,4.568,10.591,52.5,1,0.00485,0.00054,0.00019,0.00011
0.371,-0.47,4.568,10.591,67.5,1,0.00416,0.00039,0.00027,0.00009
0.371,-0.47,4.568,10.591,82.5,1,0.00339,0.00031,0.00001,0.00019
0.371,-0.47,4.568,10.591,97.5,1,0.00294,0.00028,0.00007,0.00008
0.371,-0.47,4.568,10.591,112.5,1,0.00287,0.00024,0.00007,0.00005
0.371,-0.47,4.568,10.591,127.5,1,0.00234,0.0002,0.0001,0
0.371,-0.47,4.568,10.591,142.5,1,0.00267,0.0002,0.00004,0.00009
0.371,-0.47,4.568,10.591,157.5,1,0.00215,0.00019,0.0001,0.00012
0.371,-0.47,4.568,10.591,172.5,1,0.00249,0.00021,0.00008,0.00009
0.371,-0.47,4.568,10.591,187.5,1,0.0024,0.0002,0.00007,0.00006
0.371,-0.47,4.568,10.591,202.5,1,0.00211,0.00019,0.00007,0
0.371,-0.47,4.568,10.591,217.5,1,0.00248,0.0002,0.00003,0.00007
0.371,-0.47,4.568,10.591,232.5,1,0.0026,0.00021,0.00013,0.00007
0.371,-0.47,4.568,10.591,247.5,1,0.00318,0.00025,0.00009,0.00007
0.371,-0.47,4.568,10.591,262.5,1,0.00348,0.00028,0.0001,0.00007
0.371,-0.47,4.568,10.591,277.5,1,0.00373,0.00032,0.00015,0.00006
0.371,-0.47,4.568,10.591,292.5,1,0.00483,0.00039,0.00011,0.00019
0.371,-0.47,4.568,10.591,307.5,1,0.00534,0.00051,0.00018,0.00018
0.371,-0.47,4.568,10.591,322.5,1,0.00701,0.00087,0.00041,0.00024
0.371,-0.47,4.568,10.591,337.5,1,0.01096,0.00191,0.00072,0.00071
0.371,-0.47,4.568,10.591,352.5,1,0.01276,0.00321,0.00139,0.0017
0.483,-0.343,2.707,4.487,7.5,1,0.02739,0.00266,0.001,0.0012
0.483,-0.343,2.707,4.487,22.5,1,0.02869,0.00262,0,0.00137
0.483,-0.343,2.707,4.487,37.5,1,0.02329,0.00242,0.0007,0.00092
0.483,-0.343,2.707,4.487,52.5,1,0.0276,0.00243,0.00088,0.00076
0.483,-0.343,2.707,4.487,67.5,1,0.024,0.00233,0.00282,0.00022
0.483,-0.343,2.707,4.487,82.5,1,0.02303,0.00221,0.00174,0.00015
0.483,-0.343,2.707,4.487,97.5,1,0.0184,0.00202,0.00041,0.00039
0.483,-0.343,2.707,4.487,112.5,1,0.02238,0.00206,0.00118,0.00057
0.483,-0.343,2.707,4.487,127.5,1,0.02393,0.00211,0.00026,0.00075
0.483,-0.343,2.707,4.487,142.5,1,0.02085,0.00206,0.00031,0.00132
0.483,-0.343,2.707,4.487,157.5,1,0.02082,0.00197,0.00067,0.00097
0.483,-0.343,2.707,4.487,172.5,1,0.02231,0.00207,0.00056,0.00121
0.483,-0.343,2.707,4.487,187.5,1,0.02313,0.00206,0.00006,0.00104
0.483,-0.343,2.707,4.487,202.5,1,0.02221,0.00205,0.00064,0.0018
0.483,-0.343,2.707,4.487,217.5,1,0.01868,0.00196,0.00163,0.00017
0.483,-0.343,2.707,4.487,232.5,1,0.01966,0.00204,0.00069,0.0008
0.483,-0.343,2.707,4.487,247.5,1,0.02016,0.0021,0.00073,0.00024
0.483,-0.343,2.707,4.487,262.5,1,0.02335,0.00219,0.00108,0.00049
0.483,-0.343,2.707,4.487,277.5,1,0.02211,0.00224,0.00007,0.00159
0.483,-0.343,2.707,4.487,292.5,1,0.02401,0.00235,0.00061,0.00015
0.483,-0.343,2.707,4.487,307.5,1,0.02835,0.0025,0.00094,0.00115
0.483,-0.343,2.707,4.487,322.5,1,0.02754,0.00257,0.00073,0.00091
0.483,-0.343,2.707,4.487,337.5,1,0.02854,0.00267,0.00095,0.00062
0.483,-0.343,2.707,4.487,352.5,1,0.02629,0.00269,0.00129,0.00083
0.483,-0.385,2.708,4.487,7.5,1,0.02549,0.00349,0.00164,0.00185
0.483,-0.385,2.708,4.487,22.5,1,0.0275,0.00321,0.0008,0.00212
0.483,-0.385,2.708,4.487,37.5,1,0.0257,0.00281,0.00091,0.00024
0.483,-0.385,2.708,4.487,52.5,1,0.02224,0.00246,0.0013,0.00132
0.483,-0.385,2.708,4.487,67.5,1,0.02092,0.00224,0.00052,0.00064
0.483,-0.385,2.708,4.487,82.5,1,0.02043,0.0021,0.00051,0.0003
0.483,-0.385,2.708,4.487,97.5,1,0.01553,0.00196,0.00122,0.00135
0.483,-0.385,2.708,4.487,112.5,1,0.01764,0.00197,0.00021,0.00131
0.483,-0.385,2.708,4.487,127.5,1,0.01629,0.00184,0.00074,0.00056
0.483,-0.385,2.708,4.487,142.5,1,0.01423,0.00167,0.001,0.00011
0.483,-0.385,2.708,4.487,157.5,1,0.0143,0.00181,0.00121,0.0005
0.483,-0.385,2.708,4.487,172.5,1,0.01194,0.00172,0.00064,0.00156
0.483,-0.385,2.708,4.487,187.5,1,0.01639,0.00182,0.0005,0.0018
0.483,-0.385,2.708,4.487,202.5,1,0.01862,0.0019,0.00194,0.00055
0.483,-0.385,2.708,4.487,217.5,1,0.01804,0.00192,0.00032,0.00086
0.483,-0.385,2.708,4.487,232.5,1,0.01375,0.0019,0.00146,0.00066
0.483,-0.385,2.708,4.487,247.5,1,0.0154,0.00197,0.00028,0.0004
0.483,-0.385,2.708,4.487,262.5,1,0.02347,0.00225,0.00065,0.00071
0.483,-0.385,2.708,4.487,277.5,1,0.02409,0.00236,0.00169,0.00154
0.483,-0.385,2.708,4.487,292.5,1,0.0208,0.00242,0.00061,0.00066
0.483,-0.385,2.708,4.487,307.5,1,0.02711,0.00261,0.00185,0.00191
0.483,-0.385,2.708,4.487,322.5,1,0.02834,0.00294,0.00254,0.00176
0.483,-0.385,2.708,4.487,337.5,1,0.0248,0.00311,0.00154,0.00079
0.483,-0.385,2.708,4.487,352.5,1,0.02869,0.00345,0.00142,0.00056
0.484,-0.428,2.713,4.487,7.5,1,0.03079,0.00632,0.00367,0.001
0.484,-0.428,2.713,4.487,22.5,1,0.03101,0.00471,0.00136,0.00091
0.484,-0.428,2.713,4.487,37.5,1,0.0236,0.00343,0.00221,0.00067
0.484,-0.428,2.713,4.487,52.5,1,0.02093,0.00263,0.00047,0.00134
0.484,-0.428,2.713,4.487,67.5,1,0.02138,0.00226,0.00061,0.0011
0.484,-0.428,2.713,4.487,82.5,1,0.01827,0.00214,0.0004,0.00126
0.484,-0.428,2.713,4.487,97.5,1,0.0122,0.00198,0.00041,0.00112
0.484,-0.428,2.713,4.487,112.5,1,0.01726,0.00193,0.00121,0.00123
0.484,-0.428,2.713,4.487,127.5,1,0.01321,0.00174,0.00017,0.00085
0.484,-0.428,2.713,4.487,142.5,1,0.0119,0.00169,0.00035,0.0007
0.484,-0.428,2.713,4.487,157.5,1,0.01558,0.00197,0.00126,0.00126
0.484,-0.428,2.713,4.487,172.5,1,0.01149,0.00189,0.00093,0.00054
0.484,-0.428,2.713,4.487,187.5,1,0.01407,0.00203,0.00011,0.00096
0.484,-0.428,2.713,4.487,202.5,1,0.01506,0.00203,0.00058,0.00041
0.484,-0.428,2.713,4.487,217.5,1,0.01409,0.00193,0.00039,0.00166
0.484,-0.428,2.713,4.487,232.5,1,0.01805,0.00201,0.0001,0.00084
0.484,-0.428,2.713,4.487,247.5,1,0.01567,0.00205,0.00018,0.00106
0.484,-0.428,2.713,4.487,262.5,1,0.01838,0.00217,0.00021,0.00092
0.484,-0.428,2.713,4.487,277.5,1,0.01734,0.00227,0.00067,0.00069
0.484,-0.428,2.713,4.487,292.5,1,0.0239,0.00265,0,0.00153
0.484,-0.428,2.713,4.487,307.5,1,0.01972,0.00294,0.00033,0.00091
0.484,-0.428,2.713,4.487,322.5,1,0.02542,0.00364,0.00321,0
0.484,-0.428,2.713,4.487,337.5,1,0.02301,0.00473,0.00073,0.00195
0.484,-0.428,2.713,4.487,352.5,1,0.03108,0.00565,0.00007,0.0035
0.485,-0.471,2.715,4.487,7.5,1,0.00758,0.01682,0.01125,0.0049
0.485,-0.471,2.715,4.487,22.5,1,0.04246,0.0097,0.00265,0.00731
0.485,-0.471,2.715,4.487,37.5,1,0.01271,0.00434,0.00305,0.00138
0.485,-0.471,2.715,4.487,52.5,1,0.01936,0.00291,0.00026,0.00144
0.485,-0.471,2.715,4.487,67.5,1,0.01545,0.00237,0.001,0.00081
0.485,-0.471,2.715,4.487,82.5,1,0.01916,0.00219,0.00119,0.00035
0.485,-0.471,2.715,4.487,97.5,1,0.01501,0.00203,0.00069,0.00148
0.485,-0.471,2.715,4.487,112.5,1,0.0106,0.00175,0.00151,0.00054
0.485,-0.471,2.715,4.487,127.5,1,0.01012,0.00167,0.00061,0.00036
0.485,-0.471,2.715,4.487,142.5,1,0.0115,0.00173,0.00027,0.00049
0.485,-0.471,2.715,4.487,157.5,1,0.01394,0.00199,0.00046,0.00077
0.485,-0.471,2.715,4.487,172.5,1,0.01379,0.00218,0.00096,0.00106
0.485,-0.471,2.715,4.487,187.5,1,0.01621,0.00237,0.00023,0.00107
0.485,-0.471,2.715,4.487,202.5,1,0.01269,0.00209,0.00087,0.00032
0.485,-0.471,2.715,4.487,217.5,1,0.0113,0.00192,0.00174,0.00076
0.485,-0.471,2.715,4.487,232.5,1,0.01357,0.0019,0.00043,0.00126
0.485,-0.471,2.715,4.487,247.5,1,0.01555,0.00209,0.00017,0.00062
0.485,-0.471,2.715,4.487,262.5,1,0.01672,0.00213,0.00053,0.00036
0.485,-0.471,2.715,4.487,277.5,1,0.01827,0.00224,0.00091,0.00106
0.485,-0.471,2.715,4.487,292.5,1,0.01841,0.00258,0.00139,0.00133
0.485,-0.471,2.715,4.487,307.5,1,0.01835,0.00311,0.00067,0.00155
0.485,-0.471,2.715,4.487,322.5,1,0.02408,0.00488,0.0005,0.00277
0.485,-0.471,2.715,4.487,337.5,1,0.02057,0.01026,0.00265,0.00221
0.485,-0.471,2.715,4.487,352.5,1,0.05082,0.02027,0.00606,0.009
0.485,-0.531,2.717,4.487,7.5,1,0.2031,0.12641,0.00117,0.12099
0.485,-0.531,2.717,4.487,22.5,1,0.03541,0.03014,0.01732,0.01214
0.485,-0.531,2.717,4.487,37.5,1,0.02175,0.00675,0.00125,0.00542
0.485,-0.531,2.717,4.487,52.5,1,0.01315,0.00274,0.00089,0.00086
0.485,-0.531,2.717,4.487,67.5,1,0.01207,0.00195,0.00076,0.00079
0.485,-0.531,2.717,4.487,82.5,1,0.01359,0.0017,0.0004,0.00107
0.485,-0.531,2.717,4.487,97.5,1,0.01408,0.00172,0.00067,0.00013
0.485,-0.531,2.717,4.487,112.5,1,0.01368,0.00144,0.00081,0.00013
0.485,-0.531,2.717,4.487,127.5,1,0.00757,0.0012,0.00054,0.00031
0.485,-0.531,2.717,4.487,142.5,1,0.0099,0.00139,0.00078,0.00081
0.485,-0.531,2.717,4.487,157.5,1,0.01279,0.00164,0.00102,0.00046
0.485,-0.531,2.717,4.487,172.5,1,0.01844,0.00218,0.00087,0.00117
0.485,-0.531,2.717,4.487,187.5,1,0.02063,0.00223,0.00106,0.00171
0.485,-0.531,2.717,4.487,202.5,1,0.01447,0.00182,0.00026,0.00107
0.485,-0.531,2.717,4.487,217.5,1,0.01027,0.00153,0.00068,0.00007
0.485,-0.531,2.717,4.487,232.5,1,0.0134,0.00157,0.00023,0.00104
0.485,-0.531,2.717,4.487,247.5,1,0.01227,0.0015,0.00042,0.00031
0.485,-0.531,2.717,4.487,262.5,1,0.01045,0.00144,0.00145,0.00017
0.485,-0.531,2.717,4.487,277.5,1,0.01724,0.00174,0.00062,0.00042
0.485,-0.531,2.717,4.487,292.5,1,0.01914,0.0021,0.00107,0.00009
0.485,-0.531,2.717,4.487,307.5,1,0.01661,0.0034,0.00185,0.001
0.485,-0.531,2.717,4.487,322.5,1,0.00806,0.00715,0.00625,0.00304
0.485,-0.531,2.717,4.487,337.5,1,-0.02318,0.03843,0.03816,0.00289
0.485,-0.531,2.717,4.487,352.5,1,-0.09057,0.0906,0.08773,0.06939
0.497,-0.375,4.497,8.851,7.5,1,0.00339,0.00022,0.00005,0.0001
0.497,-0.375,4.497,8.851,22.5,1,0.00357,0.00023,0.00013,0.00011
0.497,-0.375,4.497,8.851,37.5,1,0.00328,0.00021,0.00008,0.00007
0.497,-0.375,4.497,8.851,52.5,1,0.00343,0.00021,0.00017,0.00006
0.497,-0.375,4.497,8.851,67.5,1,0.00326,0.0002,0.00012,0.00006
0.497,-0.375,4.497,8.851,82.5,1,0.00346,0.0002,0.00008,0.00014
0.497,-0.375,4.497,8.851,97.5,1,0.00302,0.0002,0.00014,0.00011
0.497,-0.375,4.497,8.851,112.5,1,0.00302,0.00019,0.00014,0.00009
0.497,-0.375,4.497,8.851,127.5,1,0.00307,0.00019,0,0.00014
0.497,-0.375,4.497,8.851,142.5,1,0.0029,0.00019,0.00003,0.00006
0.497,-0.375,4.497,8.851,157.5,1,0.00279,0.00019,0.00011,0.00009
0.497,-0.375,4.497,8.851,172.5,1,0.00262,0.00018,0.00007,0.00004
0.497,-0.375,4.497,8.851,187.5,1,0.00292,0.00019,0.00014,0.00011
0.497,-0.375,4.497,8.851,202.5,1,0.00315,0.0002,0.00009,0.00011
0.497,-0.375,4.497,8.851,217.5,1,0.00259,0.00019,0.00009,0.00006
0.497,-0.375,4.497,8.851,232.5,1,0.00253,0.00018,0.00005,0.00011
0.497,-0.375,4.497,8.851,247.5,1,0.003,0.0002,0.00012,0.00008
0.497,-0.375,4.497,8.851,262.5,1,0.00341,0.00021,0.00013,0.00012
0.497,-0.375,4.497,8.851,277.5,1,0.00327,0.0002,0.00006,0.00009
0.497,-0.375,4.497,8.851,292.5,1,0.0037,0.00021,0.00011,0.00008
0.497,-0.375,4.497,8.851,307.5,1,0.00296,0.00019,0.00005,0.0001
0.497,-0.375,4.497,8.851,322.5,1,0.00329,0.0002,0.00013,0.00005
0.497,-0.375,4.497,8.851,337.5,1,0.00335,0.00022,0.00013,0.00008
0.497,-0.375,4.497,8.851,352.5,1,0.00354,0.00022,0.00015,0.00001
0.501,-0.437,4.528,8.851,7.5,1,0.00237,0.00029,0.00008,0.00013
0.501,-0.437,4.528,8.851,22.5,1,0.00261,0.00027,0.00011,0.00008
0.501,-0.437,4.528,8.851,37.5,1,0.00307,0.00025,0.00005,0.00007
0.501,-0.437,4.528,8.851,52.5,1,0.00271,0.00021,0.00008,0.00014
0.501,-0.437,4.528,8.851,67.5,1,0.00239,0.00018,0.0001,0.00004
0.501,-0.437,4.528,8.851,82.5,1,0.0023,0.00017,0.00008,0.00008
0.501,-0.437,4.528,8.851,97.5,1,0.00224,0.00017,0.00012,0.00007
0.501,-0.437,4.528,8.851,112.5,1,0.0023,0.00017,0.00003,0.00006
0.501,-0.437,4.528,8.851,127.5,1,0.00194,0.00016,0.00002,0.00006
0.501,-0.437,4.528,8.851,142.5,1,0.00215,0.00016,0.00004,0.00006
0.501,-0.437,4.528,8.851,157.5,1,0.00194,0.00016,0.00001,0.00009
0.501,-0.437,4.528,8.851,172.5,1,0.0019,0.00016,0.00007,0.00008
0.501,-0.437,4.528,8.851,187.5,1,0.00208,0.00018,0.00014,0
0.501,-0.437,4.528,8.851,202.5,1,0.0015,0.00019,0.0002,0.00008
0.501,-0.437,4.528,8.851,217.5,1,0.00229,0.00019,0.00002,0.00014
0.501,-0.437,4.528,8.851,232.5,1,0.00248,0.00018,0.00009,0.0001
0.501,-0.437,4.528,8.851,247.5,1,0.00233,0.00018,0.00001,0.00009
0.501,-0.437,4.528,8.851,262.5,1,0.00284,0.00019,0.00005,0.00016
0.501,-0.437,4.528,8.851,277.5,1,0.00292,0.00019,0.00003,0.00016
0.501,-0.437,4.528,8.851,292.5,1,0.00303,0.0002,0.00007,0.00013
0.501,-0.437,4.528,8.851,307.5,1,0.0025,0.0002,0.00007,0.00012
0.501,-0.437,4.528,8.851,322.5,1,0.00296,0.00024,0.0001,0.00006
0.501,-0.437,4.528,8.851,337.5,1,0.00292,0.00028,0.00011,0.0001
0.501,-0.437,4.528,8.851,352.5,1,0.00274,0.0003,0.00015,0.00002
0.504,-0.498,4.558,8.851,7.5,1,0.00224,0.00043,0.00018,0.00008
0.504,-0.498,4.558,8.851,22.5,1,0.00287,0.0004,0.00005,0.00024
0.504,-0.498,4.558,8.851,37.5,1,0.00188,0.00028,0.00012,0.00003
0.504,-0.498,4.558,8.851,52.5,1,0.00178,0.00021,0.00006,0.00014
0.504,-0.498,4.558,8.851,67.5,1,0.00184,0.00018,0.00005,0.00006
0.504,-0.498,4.558,8.851,82.5,1,0.002,0.00017,0.00004,0.00005
0.504,-0.498,4.558,8.851,97.5,1,0.00166,0.00016,0.0001,0.00004
0.504,-0.498,4.558,8.851,112.5,1,0.00187,0.00016,0,0.00011
0.504,-0.498,4.558,8.851,127.5,1,0.00177,0.00016,0.00008,0.00002
0.504,-0.498,4.558,8.851,142.5,1,0.00159,0.00015,0.00005,0.00004
0.504,-0.498,4.558,8.851,157.5,1,0.00187,0.00016,0.00004,0.00005
0.504,-0.498,4.558,8.851,172.5,1,0.00185,0.00017,0.00011,0.00014
0.504,-0.498,4.558,8.851,187.5,1,0.00214,0.00018,0.00006,0.00001
0.504,-0.498,4.558,8.851,202.5,1,0.00198,0.00019,0.00008,0.00008
0.504,-0.498,4.558,8.851,217.5,1,0.00196,0.00019,0.00004,0.00009
0.504,-0.498,4.558,8.851,232.5,1,0.00197,0.00018,0.00012,0.00002
0.504,-0.498,4.558,8.851,247.5,1,0.00205,0.00018,0.00009,0.00004
0.504,-0.498,4.558,8.851,262.5,1,0.00213,0.00018,0.00013,0.00008
0.504,-0.498,4.558,8.851,277.5,1,0.00228,0.00018,0.00008,0.00006
0.504,-0.498,4.558,8.851,292.5,1,0.00242,0.00019,0.00008,0.00007
0.504,-0.498,4.558,8.851,307.5,1,0.00244,0.00022,0.00002,0.00018
0.504,-0.498,4.558,8.851,322.5,1,0.00232,0.00029,0.00004,0.00007
0.504,-0.498,4.558,8.851,337.5,1,0.00219,0.00037,0.00021,0.00019
0.504,-0.498,4.558,8.851,352.5,1,0.00234,0.00044,0.0001,0.00016
0.506,-0.56,4.573,8.851,7.5,1,0.00179,0.00059,0.00019,0.00015
0.506,-0.56,4.573,8.851,22.5,1,0.00256,0.00053,0.00022,0.00018
0.506,-0.56,4.573,8.851,37.5,1,0.00221,0.00035,0.00007,0.00019
0.506,-0.56,4.573,8.851,52.5,1,0.00215,0.00027,0.00012,0.00014
0.506,-0.56,4.573,8.851,67.5,1,0.00152,0.00019,0.00005,0.00009
0.506,-0.56,4.573,8.851,82.5,1,0.0014,0.00017,0.00002,0.00005
0.506,-0.56,4.573,8.851,97.5,1,0.00127,0.00016,0.00006,0.00001
0.506,-0.56,4.573,8.851,112.5,1,0.00165,0.00016,0.00001,0.00004
0.506,-0.56,4.573,8.851,127.5,1,0.00129,0.00015,0.00011,0.00002
0.506,-0.56,4.573,8.851,142.5,1,0.00186,0.00017,0.00004,0.0001
0.506,-0.56,4.573,8.851,157.5,1,0.00161,0.00016,0.00004,0.00003
0.506,-0.56,4.573,8.851,172.5,1,0.00181,0.00017,0.00002,0.00007
0.506,-0.56,4.573,8.851,187.5,1,0.00223,0.00019,0.00008,0.00011
0.506,-0.56,4.573,8.851,202.5,1,0.00212,0.00019,0.00014,0.00004
0.506,-0.56,4.573,8.851,217.5,1,0.00206,0.0002,0.00011,0.0001
0.506,-0.56,4.573,8.851,232.5,1,0.00208,0.00019,0.00007,0.00007
0.506,-0.56,4.573,8.851,247.5,1,0.00223,0.00019,0.00008,0.00007
0.506,-0.56,4.573,8.851,262.5,1,0.00218,0.00019,0.00006,0.0001
0.506,-0.56,4.573,8.851,277.5,1,0.0189,0.00018,0.00009,0.00003
0.506,-0.56,4.573,8.851,292.5,1,0.00191,0.0002,0.00005,0.00004
0.506,-0.56,4.573,8.851,307.5,1,0.002,0.00025,0.00006,0.00012
0.506,-0.56,4.573,8.851,322.5,1,0.00174,0.00034,0.00015,0.0001
0.506,-0.56,4.573,8.851,337.5,1,0.00183,0.00047,0.00026,0.00005
0.506,-0.56,4.573,8.851,352.5,1,0.00131,0.00059,0.00003,0.0001
0.508,-0.649,4.593,8.851,7.5,1,0.00192,0.00084,0.00007,0.00025
0.508,-0.649,4.593,8.851,22.5,1,0.00189,0.00063,0.00034,0.00011
0.508,-0.649,4.593,8.851,37.5,1,0.00075,0.00035,0.0001,0.00011
0.508,-0.649,4.593,8.851,52.5,1,0.00106,0.00021,0.00015,0.00003
0.508,-0.649,4.593,8.851,67.5,1,0.00102,0.00016,0.00002,0.00009
0.508,-0.649,4.593,8.851,82.5,1,0.00126,0.00014,0.00007,0.00004
0.508,-0.649,4.593,8.851,97.5,1,0.00125,0.00013,0.00007,0.00004
0.508,-0.649,4.593,8.851,112.5,1,0.00136,0.00011,0.00005,0.00006
0.508,-0.649,4.593,8.851,127.5,1,0.00127,0.00011,0.00003,0.00001
0.508,-0.649,4.593,8.851,142.5,1,0.00134,0.00011,0.00004,0.00003
0.508,-0.649,4.593,8.851,157.5,1,0.00167,0.00013,0.00002,0.00004
0.508,-0.649,4.593,8.851,172.5,1,0.00154,0.00013,0.00006,0.00003
0.508,-0.649,4.593,8.851,187.5,1,0.00146,0.00013,0.00002,0.00012
0.508,-0.649,4.593,8.851,202.5,1,0.00194,0.00014,0.00003,0.00005
0.508,-0.649,4.593,8.851,217.5,1,0.00186,0.00014,0.00003,0.00011
0.508,-0.649,4.593,8.851,232.5,1,0.00171,0.00013,0.0001,0.00006
0.508,-0.649,4.593,8.851,247.5,1,0.00161,0.00013,0.00002,0.00005
0.508,-0.649,4.593,8.851,262.5,1,0.00148,0.00013,0.00004,0.0001
0.508,-0.649,4.593,8.851,277.5,1,0.00178,0.00015,0.00001,0.00007
0.508,-0.649,4.593,8.851,292.5,1,0.00146,0.00017,0.00006,0.00008
0.508,-0.649,4.593,8.851,307.5,1,0.00179,0.00024,0.00005,0.00009
0.508,-0.649,4.593,8.851,322.5,1,0.00228,0.00036,0.00015,0.00018
0.508,-0.649,4.593,8.851,337.5,1,0.00209,0.00059,0.00006,0.00025
0.508,-0.649,4.593,8.851,352.5,1,0.00167,0.00069,0.00027,0.00008
0.482,-0.381,5.331,8.847,7.5,1,0.00423,0.00029,0.00029,0.00007
0.482,-0.381,5.331,8.847,22.5,1,0.00398,0.00029,0.0001,0.00004
0.482,-0.381,5.331,8.847,37.5,1,0.00366,0.00026,0.00009,0.00011
0.482,-0.381,5.331,8.847,52.5,1,0.0041,0.00028,0.00007,0.00017
0.482,-0.381,5.331,8.847,67.5,1,0.00309,0.00025,0.00024,0.00013
0.482,-0.381,5.331,8.847,82.5,1,0.00335,0.00025,0.00011,0.00007
0.482,-0.381,5.331,8.847,97.5,1,0.00288,0.00024,0.00017,0.00009
0.482,-0.381,5.331,8.847,112.5,1,0.00313,0.00024,0.00003,0.00014
0.482,-0.381,5.331,8.847,127.5,1,0.00293,0.00022,0.00006,0.00004
0.482,-0.381,5.331,8.847,142.5,1,0.00271,0.00022,0.00003,0.00012
0.482,-0.381,5.331,8.847,157.5,1,0.00268,0.00022,0.00012,0.00012
0.482,-0.381,5.331,8.847,172.5,1,0.00244,0.00022,0.00007,0.00008
0.482,-0.381,5.331,8.847,187.5,1,0.00259,0.00022,0.00013,0.00002
0.482,-0.381,5.331,8.847,202.5,1,0.00273,0.00022,0.00014,0.00008
0.482,-0.381,5.331,8.847,217.5,1,0.00263,0.00021,0.0001,0.00004
0.482,-0.381,5.331,8.847,232.5,1,0.00292,0.00023,0.00012,0.00007
0.482,-0.381,5.331,8.847,247.5,1,0.00292,0.00023,0.00014,0.00005
0.482,-0.381,5.331,8.847,262.5,1,0.00377,0.00026,0.00003,0.00014
0.482,-0.381,5.331,8.847,277.5,1,0.00362,0.00027,0.00006,0.00013
0.482,-0.381,5.331,8.847,292.5,1,0.00367,0.00026,0.0001,0.00006
0.482,-0.381,5.331,8.847,307.5,1,0.00365,0.00026,0.00012,0.00013
0.482,-0.381,5.331,8.847,322.5,1,0.00427,0.00029,0.00011,0.00017
0.482,-0.381,5.331,8.847,337.5,1,0.00419,0.00028,0.00004,0.00008
0.482,-0.381,5.331,8.847,352.5,1,0.00424,0.00029,0.00012,0.00008
0.483,-0.439,5.339,8.847,7.5,1,0.00447,0.00037,0.00011,0.00025
0.483,-0.439,5.339,8.847,22.5,1,0.00394,0.00033,0.00019,0.00006
0.483,-0.439,5.339,8.847,37.5,1,0.00354,0.00029,0.00008,0.00002
0.483,-0.439,5.339,8.847,52.5,1,0.003,0.00024,0.00013,0.00013
0.483,-0.439,5.339,8.847,67.5,1,0.00276,0.00023,0.00009,0.00009
0.483,-0.439,5.339,8.847,82.5,1,0.00248,0.00023,0.00014,0.00005
0.483,-0.439,5.339,8.847,97.5,1,0.00236,0.00021,0.00005,0.00007
0.483,-0.439,5.339,8.847,112.5,1,0.00196,0.00019,0.00008,0.00006
0.483,-0.439,5.339,8.847,127.5,1,0.00186,0.00018,0.00012,0.00003
0.483,-0.439,5.339,8.847,142.5,1,0.00197,0.00019,0.00013,0.00002
0.483,-0.439,5.339,8.847,157.5,1,0.00181,0.00018,0.00011,0
0.483,-0.439,5.339,8.847,172.5,1,0.00218,0.0002,0.00005,0.00012
0.483,-0.439,5.339,8.847,187.5,1,0.00205,0.00019,0.00005,0.00008
0.483,-0.439,5.339,8.847,202.5,1,0.00221,0.0002,0.00021,0.00008
0.483,-0.439,5.339,8.847,217.5,1,0.00186,0.00019,0.00009,0.00004
0.483,-0.439,5.339,8.847,232.5,1,0.00231,0.00022,0.00003,0.00014
0.483,-0.439,5.339,8.847,247.5,1,0.00261,0.00022,0.00006,0.00005
0.483,-0.439,5.339,8.847,262.5,1,0.00257,0.00022,0.00007,0.00009
0.483,-0.439,5.339,8.847,277.5,1,0.00263,0.00024,0.00016,0.00002
0.483,-0.439,5.339,8.847,292.5,1,0.00329,0.00025,0.00022,0.00011
0.483,-0.439,5.339,8.847,307.5,1,0.00342,0.00027,0.00015,0.00014
0.483,-0.439,5.339,8.847,322.5,1,0.00375,0.00029,0.00011,0.00006
0.483,-0.439,5.339,8.847,337.5,1,0.004,0.00033,0.00008,0.00014
0.483,-0.439,5.339,8.847,352.5,1,0.00413,0.00036,0.00025,0.00005
0.485,-0.498,5.36,8.847,7.5,1,0.00376,0.00057,0.00024,0.00028
0.485,-0.498,5.36,8.847,22.5,1,0.0029,0.00044,0.00015,0.00002
0.485,-0.498,5.36,8.847,37.5,1,0.00303,0.00032,0.00015,0.00015
0.485,-0.498,5.36,8.847,52.5,1,0.00264,0.00025,0.00016,0.00005
0.485,-0.498,5.36,8.847,67.5,1,0.00243,0.00023,0.00009,0.00006
0.485,-0.498,5.36,8.847,82.5,1,0.00186,0.0002,0.00007,0.00007
0.485,-0.498,5.36,8.847,97.5,1,0.00215,0.00021,0.00005,0.00005
0.485,-0.498,5.36,8.847,112.5,1,0.00189,0.00019,0.00002,0.00007
0.485,-0.498,5.36,8.847,127.5,1,0.00142,0.00017,0.00006,0.0001
0.485,-0.498,5.36,8.847,142.5,1,0.00154,0.00017,0.00006,0.00003
0.485,-0.498,5.36,8.847,157.5,1,0.00178,0.00018,0.00013,0.00008
0.485,-0.498,5.36,8.847,172.5,1,0.00164,0.00018,0.00008,0.00005
0.485,-0.498,5.36,8.847,187.5,1,0.00175,0.00019,0.00004,0.00009
0.485,-0.498,5.36,8.847,202.5,1,0.0018,0.00019,0.00004,0.00008
0.485,-0.498,5.36,8.847,217.5,1,0.00151,0.00019,0.00006,0.00003
0.485,-0.498,5.36,8.847,232.5,1,0.00187,0.00021,0.00007,0.00015
0.485,-0.498,5.36,8.847,247.5,1,0.0018,0.0002,0.00003,0.00006
0.485,-0.498,5.36,8.847,262.5,1,0.00237,0.00022,0.00005,0.00007
0.485,-0.498,5.36,8.847,277.5,1,0.00251,0.00024,0.00022,0.00009
0.485,-0.498,5.36,8.847,292.5,1,0.00292,0.00025,0.00005,0.00012
0.485,-0.498,5.36,8.847,307.5,1,0.00296,0.00027,0.00011,0.00003
0.485,-0.498,5.36,8.847,322.5,1,0.00331,0.00036,0.00011,0.00014
0.485,-0.498,5.36,8.847,337.5,1,0.00328,0.00044,0.0003,0.00008
0.485,-0.498,5.36,8.847,352.5,1,0.00376,0.00058,0.00019,0.00021
0.486,-0.557,5.371,8.847,7.5,1,0.00335,0.00111,0.00041,0.0002
0.486,-0.557,5.371,8.847,22.5,1,0.00205,0.00062,0.00006,0.00026
0.486,-0.557,5.371,8.847,37.5,1,0.0027,0.00043,0.00008,0.00013
0.486,-0.557,5.371,8.847,52.5,1,0.00247,0.00029,0,0.00017
0.486,-0.557,5.371,8.847,67.5,1,0.00203,0.00023,0.00002,0.0001
0.486,-0.557,5.371,8.847,82.5,1,0.00182,0.0002,0.0001,0.00006
0.486,-0.557,5.371,8.847,97.5,1,0.00162,0.00019,0.00012,0.00008
0.486,-0.557,5.371,8.847,112.5,1,0.00139,0.00018,0.00014,0.00004
0.486,-0.557,5.371,8.847,127.5,1,0.00198,0.00019,0.00007,0.00009
0.486,-0.557,5.371,8.847,142.5,1,0.00144,0.00017,0.00003,0.00001
0.486,-0.557,5.371,8.847,157.5,1,0.00147,0.00017,0.00004,0.00002
0.486,-0.557,5.371,8.847,172.5,1,0.00161,0.00019,0.00009,0.00005
0.486,-0.557,5.371,8.847,187.5,1,0.00133,0.00018,0.00022,0.00004
0.486,-0.557,5.371,8.847,202.5,1,0.00127,0.00018,0.00018,0.00007
0.486,-0.557,5.371,8.847,217.5,1,0.00151,0.00018,0.00009,0.00007
0.486,-0.557,5.371,8.847,232.5,1,0.00161,0.00019,0.0001,0.00002
0.486,-0.557,5.371,8.847,247.5,1,0.00149,0.00019,0.00005,0.00005
0.486,-0.557,5.371,8.847,262.5,1,0.00179,0.0002,0.00005,0.00009
0.486,-0.557,5.371,8.847,277.5,1,0.00174,0.00021,0.00004,0.00007
0.486,-0.557,5.371,8.847,292.5,1,0.00247,0.00025,0.00002,0.0001
0.486,-0.557,5.371,8.847,307.5,1,0.00257,0.0003,0.00013,0.00014
0.486,-0.557,5.371,8.847,322.5,1,0.00284,0.00046,0.00019,0.00011
0.486,-0.557,5.371,8.847,337.5,1,0.00396,0.00081,0.00031,0.0003
0.486,-0.557,5.371,8.847,352.5,1,0.00291,0.00116,0.00026,0.00027
0.486,-0.642,5.379,8.847,7.5,1,0.00365,0.00304,0.00049,0.00029
0.486,-0.642,5.379,8.847,22.5,1,0.00137,0.0011,0.00051,0.00015
0.486,-0.642,5.379,8.847,37.5,1,0.0012,0.00043,0.00012,0.00038
0.486,-0.642,5.379,8.847,52.5,1,0.00156,0.00026,0.0001,0.00003
0.486,-0.642,5.379,8.847,67.5,1,0.00148,0.00019,0.00009,0.00004
0.486,-0.642,5.379,8.847,82.5,1,0.00162,0.00017,0.00003,0.00011
0.486,-0.642,5.379,8.847,97.5,1,0.00117,0.00015,0.00007,0.00002
0.486,-0.642,5.379,8.847,112.5,1,0.00113,0.00013,0.00003,0.00002
0.486,-0.642,5.379,8.847,127.5,1,0.00108,0.00011,0.00002,0.00004
0.486,-0.642,5.379,8.847,142.5,1,0.00091,0.0001,0.00004,0
0.486,-0.642,5.379,8.847,157.5,1,0.00114,0.00012,0,0.00007
0.486,-0.642,5.379,8.847,172.5,1,0.00108,0.00013,0.00006,0.00005
0.486,-0.642,5.379,8.847,187.5,1,0.00106,0.00012,0.00003,0.00004
0.486,-0.642,5.379,8.847,202.5,1,0.00125,0.00012,0.00001,0.00005
0.486,-0.642,5.379,8.847,217.5,1,0.00086,0.00011,0.00004,0.00004
0.486,-0.642,5.379,8.847,232.5,1,0.00116,0.00012,0.00002,0.00009
0.486,-0.642,5.379,8.847,247.5,1,0.00146,0.00014,0.00004,0.00005
0.486,-0.642,5.379,8.847,262.5,1,0.0015,0.00015,0.00006,0.00006
0.486,-0.642,5.379,8.847,277.5,1,0.00184,0.00017,0,0.00009
0.486,-0.642,5.379,8.847,292.5,1,0.00231,0.00021,0.00005,0.00012
0.486,-0.642,5.379,8.847,307.5,1,0.0021,0.00027,0.00005,0.00009
0.486,-0.642,5.379,8.847,322.5,1,0.00371,0.00058,0.00016,0.0002
0.486,-0.642,5.379,8.847,337.5,1,0.00205,0.00133,0,0.0005
0.486,-0.642,5.379,8.847,352.5,1,0.0009,0.00172,0.00095,0.00016
0.494,-0.402,7.044,10.992,7.5,1,0.00176,0.0001,0.00008,0
0.494,-0.402,7.044,10.992,22.5,1,0.00195,0.00011,0.00005,0.00012
0.494,-0.402,7.044,10.992,37.5,1,0.00171,0.0001,0.00003,0.00007
0.494,-0.402,7.044,10.992,52.5,1,0.00159,0.00009,0.00006,0.00002
0.494,-0.402,7.044,10.992,67.5,1,0.00142,0.00008,0.00006,0.00003
0.494,-0.402,7.044,10.992,82.5,1,0.0014,0.00008,0.00005,0.00002
0.494,-0.402,7.044,10.992,97.5,1,0.00134,0.00008,0.00005,0.00007
0.494,-0.402,7.044,10.992,112.5,1,0.00122,0.00007,0.00003,0.00005
0.494,-0.402,7.044,10.992,127.5,1,0.00129,0.00008,0.00009,0.00003
0.494,-0.402,7.044,10.992,142.5,1,0.00138,0.00008,0.00002,0.00005
0.494,-0.402,7.044,10.992,157.5,1,0.00114,0.00007,0.00005,0
0.494,-0.402,7.044,10.992,172.5,1,0.00121,0.00008,0.00003,0.00002
0.494,-0.402,7.044,10.992,187.5,1,0.00121,0.00008,0.00004,0.00002
0.494,-0.402,7.044,10.992,202.5,1,0.00132,0.00008,0.00005,0.00005
0.494,-0.402,7.044,10.992,217.5,1,0.00125,0.00008,0.00005,0
0.494,-0.402,7.044,10.992,232.5,1,0.00136,0.00008,0.00005,0.00005
0.494,-0.402,7.044,10.992,247.5,1,0.0013,0.00008,0.00001,0.00005
0.494,-0.402,7.044,10.992,262.5,1,0.00138,0.00008,0.00005,0.00004
0.494,-0.402,7.044,10.992,277.5,1,0.00162,0.00009,0.00007,0.00003
0.494,-0.402,7.044,10.992,292.5,1,0.00162,0.00009,0.00005,0.00007
0.494,-0.402,7.044,10.992,307.5,1,0.00173,0.00009,0.00009,0.00005
0.494,-0.402,7.044,10.992,322.5,1,0.00189,0.0001,0.00007,0.00007
0.494,-0.402,7.044,10.992,337.5,1,0.00192,0.0001,0.00001,0.0001
0.494,-0.402,7.044,10.992,352.5,1,0.00212,0.00011,0.00008,0.00003
0.498,-0.486,7.093,10.992,7.5,1,0.00187,0.00019,0.00019,0
0.498,-0.486,7.093,10.992,22.5,1,0.00152,0.00015,0.00004,0.00005
0.498,-0.486,7.093,10.992,37.5,1,0.00147,0.00012,0.00003,0.00004
0.498,-0.486,7.093,10.992,52.5,1,0.00145,0.0001,0,0.00007
0.498,-0.486,7.093,10.992,67.5,1,0.0012,0.00008,0.00005,0.00004
0.498,-0.486,7.093,10.992,82.5,1,0.00116,0.00007,0.00004,0.00003
0.498,-0.486,7.093,10.992,97.5,1,0.00098,0.00007,0.00002,0.00003
0.498,-0.486,7.093,10.992,112.5,1,0.00102,0.00007,0.00004,0.00001
0.498,-0.486,7.093,10.992,127.5,1,0.00091,0.00007,0.00004,0
0.498,-0.486,7.093,10.992,142.5,1,0.00089,0.00007,0.00003,0.00007
0.498,-0.486,7.093,10.992,157.5,1,0.0008,0.00006,0.00002,0.00002
0.498,-0.486,7.093,10.992,172.5,1,0.00083,0.00006,0.00005,0.00002
0.498,-0.486,7.093,10.992,187.5,1,0.0008,0.00006,0.00002,0.00002
0.498,-0.486,7.093,10.992,202.5,1,0.00086,0.00007,0.00002,0.00004
0.498,-0.486,7.093,10.992,217.5,1,0.00094,0.00007,0.00004,0
0.498,-0.486,7.093,10.992,232.5,1,0.00088,0.00007,0.00002,0.00002
0.498,-0.486,7.093,10.992,247.5,1,0.00107,0.00007,0.00003,0.00002
0.498,-0.486,7.093,10.992,262.5,1,0.00103,0.00007,0.00002,0.00002
0.498,-0.486,7.093,10.992,277.5,1,0.00117,0.00008,0.00005,0.00004
0.498,-0.486,7.093,10.992,292.5,1,0.0012,0.00008,0.00003,0.00003
0.498,-0.486,7.093,10.992,307.5,1,0.00153,0.0001,0.00003,0.00006
0.498,-0.486,7.093,10.992,322.5,1,0.00159,0.00012,0.00005,0.00008
0.498,-0.486,7.093,10.992,337.5,1,0.00204,0.00016,0.00014,0.00003
0.498,-0.486,7.093,10.992,352.5,1,0.00189,0.00019,0.00008,0.00002
0.499,-0.571,7.115,10.992,7.5,1,0.00194,0.00039,0.00009,0.00019
0.499,-0.571,7.115,10.992,22.5,1,0.00134,0.00027,0.00009,0.00011
0.499,-0.571,7.115,10.992,37.5,1,0.00092,0.00016,0.00007,0.00003
0.499,-0.571,7.115,10.992,52.5,1,0.00115,0.00011,0.00002,0.00005
0.499,-0.571,7.115,10.992,67.5,1,0.00091,0.00007,0.00003,0.00004
0.499,-0.571,7.115,10.992,82.5,1,0.00086,0.00007,0.00003,0.00003
0.499,-0.571,7.115,10.992,97.5,1,0.00073,0.00006,0.00003,0.00001
0.499,-0.571,7.115,10.992,112.5,1,0.00063,0.00006,0.00002,0.00003
0.499,-0.571,7.115,10.992,127.5,1,0.00058,0.00005,0.00001,0.00003
0.499,-0.571,7.115,10.992,142.5,1,0.00063,0.00006,0.00002,0.00004
0.499,-0.571,7.115,10.992,157.5,1,0.0006,0.00006,0.00003,0.00002
0.499,-0.571,7.115,10.992,172.5,1,0.00061,0.00005,0.00002,0.00003
0.499,-0.571,7.115,10.992,187.5,1,0.0006,0.00006,0.00001,0.00002
0.499,-0.571,7.115,10.992,202.5,1,0.00071,0.00006,0.00001,0
0.499,-0.571,7.115,10.992,217.5,1,0.0006,0.00006,0.00003,0.00004
0.499,-0.571,7.115,10.992,232.5,1,0.00073,0.00006,0.00001,0.00003
0.499,-0.571,7.115,10.992,247.5,1,0.00072,0.00006,0.00005,0.00002
0.499,-0.571,7.115,10.992,262.5,1,0.00082,0.00007,0.00004,0.00002
0.499,-0.571,7.115,10.992,277.5,1,0.0009,0.00007,0.00002,0.00004
0.499,-0.571,7.115,10.992,292.5,1,0.00088,0.00008,0.00001,0.00004
0.499,-0.571,7.115,10.992,307.5,1,0.00132,0.00011,0.00008,0.00003
0.499,-0.571,7.115,10.992,322.5,1,0.00119,0.00016,0.00008,0.00003
0.499,-0.571,7.115,10.992,337.5,1,0.00113,0.00024,0.00009,0
0.499,-0.571,7.115,10.992,352.5,1,0.0018,0.00039,0.00013,0.00015
0.499,-0.656,7.106,10.992,7.5,1,0.0024,0.001,0.0002,0.00032
0.499,-0.656,7.106,10.992,22.5,1,0.00147,0.00055,0.00011,0.00013
0.499,-0.656,7.106,10.992,37.5,1,0.00093,0.00027,0.00007,0.00018
0.499,-0.656,7.106,10.992,52.5,1,0.00074,0.00012,0.00004,0.00007
0.499,-0.656,7.106,10.992,67.5,1,0.00074,0.00007,0.00004,0.00001
0.499,-0.656,7.106,10.992,82.5,1,0.0007,0.00007,0.00001,0.00003
0.499,-0.656,7.106,10.992,97.5,1,0.00071,0.00006,0.00001,0.00005
0.499,-0.656,7.106,10.992,112.5,1,0.00057,0.00006,0.00001,0.00003
0.499,-0.656,7.106,10.992,127.5,1,0.00053,0.00005,0,0.00003
0.499,-0.656,7.106,10.992,142.5,1,0.00043,0.00005,0.00001,0.00005
0.499,-0.656,7.106,10.992,157.5,1,0.00046,0.00005,0.00002,0.00001
0.499,-0.656,7.106,10.992,172.5,1,0.00046,0.00005,0.00001,0.00002
0.499,-0.656,7.106,10.992,187.5,1,0.00046,0.00005,0.00003,0.00001
0.499,-0.656,7.106,10.992,202.5,1,0.00046,0.00006,0.00001,0.00002
0.499,-0.656,7.106,10.992,217.5,1,0.00053,0.00006,0.00001,0.00004
0.499,-0.656,7.106,10.992,232.5,1,0.00064,0.00006,0.00003,0.00003
0.499,-0.656,7.106,10.992,247.5,1,0.0006,0.00006,0.00001,0.00002
0.499,-0.656,7.106,10.992,262.5,1,0.00075,0.00007,0.00003,0.00003
0.499,-0.656,7.106,10.992,277.5,1,0.00068,0.00007,0.00001,0.00003
0.499,-0.656,7.106,10.992,292.5,1,0.00085,0.00008,0.00004,0.00003
0.499,-0.656,7.106,10.992,307.5,1,0.00106,0.00013,0.00007,0.00002
0.499,-0.656,7.106,10.992,322.5,1,0.00125,0.00024,0.00011,0.00011
0.499,-0.656,7.106,10.992,337.5,1,0.00077,0.0004,0.00012,0.00008
0.499,-0.656,7.106,10.992,352.5,1,0.00087,0.00064,0.00016,0.00016
0.498,-0.816,7.102,10.992,7.5,1,0.00539,0.00549,0.00151,0.00163
0.498,-0.816,7.102,10.992,22.5,1,0.00103,0.00139,0.00044,0.00011
0.498,-0.816,7.102,10.992,37.5,1,0.00069,0.00029,0.00002,0.00019
0.498,-0.816,7.102,10.992,52.5,1,0.00052,0.0001,0.00005,0.00004
0.498,-0.816,7.102,10.992,67.5,1,0.00057,0.00005,0.00001,0.00002
0.498,-0.816,7.102,10.992,82.5,1,0.00053,0.00004,0,0.00001
0.498,-0.816,7.102,10.992,97.5,1,0.00042,0.00003,0.00002,0.00002
0.498,-0.816,7.102,10.992,112.5,1,0.00032,0.00003,0.00001,0.00002
0.498,-0.816,7.102,10.992,127.5,1,0.00029,0.00002,0.00001,0.00001
0.498,-0.816,7.102,10.992,142.5,1,0.00032,0.00003,0.00001,0.00001
0.498,-0.816,7.102,10.992,157.5,1,0.00032,0.00003,0.00001,0.00001
0.498,-0.816,7.102,10.992,172.5,1,0.00035,0.00003,0.00001,0.00001
0.498,-0.816,7.102,10.992,187.5,1,0.00036,0.00003,0,0.00002
0.498,-0.816,7.102,10.992,202.5,1,0.00038,0.00003,0.00001,0.00001
0.498,-0.816,7.102,10.992,217.5,1,0.00035,0.00003,0.00001,0.00001
0.498,-0.816,7.102,10.992,232.5,1,0.00041,0.00003,0.00001,0.00001
0.498,-0.816,7.102,10.992,247.5,1,0.00045,0.00003,0.00001,0.00001
0.498,-0.816,7.102,10.992,262.5,1,0.00053,0.00004,0.00001,0.00003
0.498,-0.816,7.102,10.992,277.5,1,0.0005,0.00004,0.00002,0.00001
0.498,-0.816,7.102,10.992,292.5,1,0.00055,0.00005,0.00003,0.00003
0.498,-0.816,7.102,10.992,307.5,1,0.00062,0.0001,0.00002,0.00002
0.498,-0.816,7.102,10.992,322.5,1,0.00052,0.00025,0.00007,0.00007
0.498,-0.816,7.102,10.992,337.5,1,0.00105,0.00132,0.00024,0.00018
0.498,-0.816,7.102,10.992,352.5,1,-0.00011,0.00067,0.00002,0.00003
0.61,-0.729,5.604,8.521,7.5,1,0.000715,0.000039,0.000021,0.00001
0.61,-0.729,5.604,8.521,22.5,1,0.000712,0.000038,0.000008,0.000016
0.61,-0.729,5.604,8.521,37.5,1,0.000642,0.000037,0.000017,0.000009
0.61,-0.729,5.604,8.521,52.5,1,0.000638,0.000037,0.000017,0.000001
0.61,-0.729,5.604,8.521,67.5,1,0.000676,0.000037,0.000008,0.00002
0.61,-0.729,5.604,8.521,82.5,1,0.000632,0.000036,0.00002,0.000015
0.61,-0.729,5.604,8.521,97.5,1,0.000587,0.000035,0.000013,0.000013
0.61,-0.729,5.604,8.521,112.5,1,0.000559,0.000035,0.000011,0.000009
0.61,-0.729,5.604,8.521,127.5,1,0.000574,0.000035,0.000009,0.000008
0.61,-0.729,5.604,8.521,142.5,1,0.000547,0.000035,0.000007,0.000027
0.61,-0.729,5.604,8.521,157.5,1,0.000553,0.000035,0,0.000029
0.61,-0.729,5.604,8.521,172.5,1,0.000556,0.000035,0.000022,0.000013
0.61,-0.729,5.604,8.521,187.5,1,0.000581,0.000036,0.00002,0.000011
0.61,-0.729,5.604,8.521,202.5,1,0.00057,0.000036,0.000024,0.000009
0.61,-0.729,5.604,8.521,217.5,1,0.000564,0.000037,0.000021,0.000021
0.61,-0.729,5.604,8.521,232.5,1,0.000577,0.000038,0.000006,0.000016
0.61,-0.729,5.604,8.521,247.5,1,0.000608,0.000038,0.000004,0.000012
0.61,-0.729,5.604,8.521,262.5,1,0.000708,0.00004,0.000013,0.000004
0.61,-0.729,5.604,8.521,277.5,1,0.000652,0.000038,0.000002,0.000046
0.61,-0.729,5.604,8.521,292.5,1,0.000681,0.000038,0.000015,0.000008
0.61,-0.729,5.604,8.521,307.5,1,0.000752,0.000039,0.000018,0.000009
0.61,-0.729,5.604,8.521,322.5,1,0.000727,0.000038,0.00001,0.000022
0.61,-0.729,5.604,8.521,337.5,1,0.000761,0.000039,0.000005,0.000034
0.61,-0.729,5.604,8.521,352.5,1,0.000743,0.00004,0.00002,0.000035
0.612,-0.861,5.617,8.521,7.5,1,0.000514,0.000042,0.000025,0.000012
0.612,-0.861,5.617,8.521,22.5,1,0.000497,0.000039,0.000025,0.000011
0.612,-0.861,5.617,8.521,37.5,1,0.000495,0.000036,0.000001,0.00003
0.612,-0.861,5.617,8.521,52.5,1,0.000527,0.000035,0.000009,0.000017
0.612,-0.861,5.617,8.521,67.5,1,0.00049,0.000034,0.000008,0.000014
0.612,-0.861,5.617,8.521,82.5,1,0.000532,0.000035,0.000002,0.000024
0.612,-0.861,5.617,8.521,97.5,1,0.000436,0.000033,0.000004,0.000008
0.612,-0.861,5.617,8.521,112.5,1,0.000413,0.000032,0.000021,0.000001
0.612,-0.861,5.617,8.521,127.5,1,0.000394,0.000032,0.000007,0.00001
0.612,-0.861,5.617,8.521,142.5,1,0.000393,0.000032,0.000009,0.000009
0.612,-0.861,5.617,8.521,157.5,1,0.000431,0.000033,0.000021,0.000014
0.612,-0.861,5.617,8.521,172.5,1,0.00035,0.000032,0.000026,0
0.612,-0.861,5.617,8.521,187.5,1,0.000399,0.000034,0.000055,0.000007
0.612,-0.861,5.617,8.521,202.5,1,0.000437,0.000035,0.000002,0.000018
0.612,-0.861,5.617,8.521,217.5,1,0.000446,0.000036,0.000021,0.000013
0.612,-0.861,5.617,8.521,232.5,1,0.000498,0.000039,0.000024,0.000017
0.612,-0.861,5.617,8.521,247.5,1,0.000549,0.000041,0.000011,0.000001
0.612,-0.861,5.617,8.521,262.5,1,0.000559,0.000041,0.000005,0.00002
0.612,-0.861,5.617,8.521,277.5,1,0.00054,0.000038,0.000003,0.00001
0.612,-0.861,5.617,8.521,292.5,1,0.000591,0.000039,0.000011,0.000018
0.612,-0.861,5.617,8.521,307.5,1,0.000576,0.000037,0.000011,0.000014
0.612,-0.861,5.617,8.521,322.5,1,0.000593,0.000037,0.000008,0.000013
0.612,-0.861,5.617,8.521,337.5,1,0.000609,0.000041,0.000005,0.000009
0.612,-0.861,5.617,8.521,352.5,1,0.000549,0.000043,0.000007,0.000027
0.615,-0.994,5.638,8.521,7.5,1,0.000483,0.00007,0.000016,0.000046
0.615,-0.994,5.638,8.521,22.5,1,0.000371,0.000052,0.000031,0.000033
0.615,-0.994,5.638,8.521,37.5,1,0.000387,0.000042,0.000025,0.000005
0.615,-0.994,5.638,8.521,52.5,1,0.000377,0.000035,0.000036,0.000007
0.615,-0.994,5.638,8.521,67.5,1,0.000455,0.000035,0.000008,0.000026
0.615,-0.994,5.638,8.521,82.5,1,0.000393,0.000034,0.000004,0.000011
0.615,-0.994,5.638,8.521,97.5,1,0.000411,0.000034,0.000021,0.000008
0.615,-0.994,5.638,8.521,112.5,1,0.000377,0.000033,0.000005,0.000009
0.615,-0.994,5.638,8.521,127.5,1,0.000354,0.000032,0.00002,0.000003
0.615,-0.994,5.638,8.521,142.5,1,0.000355,0.000032,0.000016,0.000012
0.615,-0.994,5.638,8.521,157.5,1,0.000358,0.000032,0.000003,0.000017
0.615,-0.994,5.638,8.521,172.5,1,0.000349,0.000034,0.000006,0.000004
0.615,-0.994,5.638,8.521,187.5,1,0.000404,0.000036,0.000008,0.000014
0.615,-0.994,5.638,8.521,202.5,1,0.000395,0.000036,0,0.000017
0.615,-0.994,5.638,8.521,217.5,1,0.000439,0.000038,0.000011,0.000007
0.615,-0.994,5.638,8.521,232.5,1,0.000487,0.00004,0.00001,0.000008
0.615,-0.994,5.638,8.521,247.5,1,0.000474,0.000042,0.000001,0.000031
0.615,-0.994,5.638,8.521,262.5,1,0.000469,0.000042,0.000024,0.000009
0.615,-0.994,5.638,8.521,277.5,1,0.000503,0.000041,0.000011,0.00002
0.615,-0.994,5.638,8.521,292.5,1,0.000421,0.000037,0.000029,0.000008
0.615,-0.994,5.638,8.521,307.5,1,0.000444,0.000037,0.000012,0.000008
0.615,-0.994,5.638,8.521,322.5,1,0.000399,0.000043,0.000032,0.000008
0.615,-0.994,5.638,8.521,337.5,1,0.00047,0.000055,0.000026,0.000011
0.615,-0.994,5.638,8.521,352.5,1,0.000511,0.00007,0.000057,0.00001
0.617,-1.128,5.653,8.521,7.5,1,0.000268,0.000132,0.000054,0.000043
0.617,-1.128,5.653,8.521,22.5,1,0.000315,0.000088,0.000031,0.000025
0.617,-1.128,5.653,8.521,37.5,1,0.000392,0.000056,0.000015,0.000017
0.617,-1.128,5.653,8.521,52.5,1,0.000367,0.00004,0.000051,0.000005
0.617,-1.128,5.653,8.521,67.5,1,0.000248,0.000033,0.000028,0
0.617,-1.128,5.653,8.521,82.5,1,0.000275,0.000033,0.00004,0.000011
0.617,-1.128,5.653,8.521,97.5,1,0.000302,0.000032,0.000015,0.000011
0.617,-1.128,5.653,8.521,112.5,1,0.000283,0.000031,0.000015,0.000003
0.617,-1.128,5.653,8.521,127.5,1,0.000275,0.00003,0,0.000016
0.617,-1.128,5.653,8.521,142.5,1,0.00033,0.000033,0,0.000017
0.617,-1.128,5.653,8.521,157.5,1,0.000331,0.000034,0.000001,0.000012
0.617,-1.128,5.653,8.521,172.5,1,0.000381,0.000036,0.00002,0.000008
0.617,-1.128,5.653,8.521,187.5,1,0.000342,0.000036,0.000012,0.00001
0.617,-1.128,5.653,8.521,202.5,1,0.00032,0.000036,0.000017,0.000011
0.617,-1.128,5.653,8.521,217.5,1,0.000424,0.000039,0.000008,0.000034
0.617,-1.128,5.653,8.521,232.5,1,0.000381,0.000038,0.000022,0.000016
0.617,-1.128,5.653,8.521,247.5,1,0.000374,0.000041,0.000018,0.00001
0.617,-1.128,5.653,8.521,262.5,1,0.00044,0.000043,0.000018,0.000005
0.617,-1.128,5.653,8.521,277.5,1,0.000422,0.00004,0.00004,0.000005
0.617,-1.128,5.653,8.521,292.5,1,0.000407,0.000039,0.000016,0.000012
0.617,-1.128,5.653,8.521,307.5,1,0.000384,0.000042,0.000045,0
0.617,-1.128,5.653,8.521,322.5,1,0.000382,0.000053,0,0.000023
0.617,-1.128,5.653,8.521,337.5,1,0.000335,0.000089,0.000055,0.000005
0.617,-1.128,5.653,8.521,352.5,1,0.000535,0.000139,0.000095,0.000021
0.616,-1.315,5.659,8.521,7.5,1,0.00084,0.000361,0,0.000248
0.616,-1.315,5.659,8.521,22.5,1,0.000489,0.000159,0.000065,0.000061
0.616,-1.315,5.659,8.521,37.5,1,0.000231,0.000064,0.00002,0.000037
0.616,-1.315,5.659,8.521,52.5,1,0.000195,0.000038,0.000017,0
0.616,-1.315,5.659,8.521,67.5,1,0.000286,0.000032,0.000018,0.000003
0.616,-1.315,5.659,8.521,82.5,1,0.000289,0.000029,0.000026,0.000001
0.616,-1.315,5.659,8.521,97.5,1,0.000256,0.000027,0.00001,0.000012
0.616,-1.315,5.659,8.521,112.5,1,0.000229,0.000024,0.000007,0.000011
0.616,-1.315,5.659,8.521,127.5,1,0.000225,0.000024,0.000015,0.000003
0.616,-1.315,5.659,8.521,142.5,1,0.000312,0.000027,0.000006,0.000024
0.616,-1.315,5.659,8.521,157.5,1,0.000332,0.000029,0,0.000027
0.616,-1.315,5.659,8.521,172.5,1,0.000347,0.00003,0.00001,0.000011
0.616,-1.315,5.659,8.521,187.5,1,0.000295,0.000028,0.000031,0
0.616,-1.315,5.659,8.521,202.5,1,0.000298,0.000028,0.000011,0.00002
0.616,-1.315,5.659,8.521,217.5,1,0.000354,0.000028,0.00001,0.000012
0.616,-1.315,5.659,8.521,232.5,1,0.000306,0.000028,0.000018,0.00001
0.616,-1.315,5.659,8.521,247.5,1,0.000379,0.000032,0.000011,0.000011
0.616,-1.315,5.659,8.521,262.5,1,0.000357,0.000035,0.000009,0.000006
0.616,-1.315,5.659,8.521,277.5,1,0.000352,0.000034,0.000011,0.000022
0.616,-1.315,5.659,8.521,292.5,1,0.00032,0.000033,0.000004,0.000009
0.616,-1.315,5.659,8.521,307.5,1,0.000319,0.000042,0.000007,0.000036
0.616,-1.315,5.659,8.521,322.5,1,0.000244,0.00007,0.000024,0.000008
0.616,-1.315,5.659,8.521,337.5,1,0.000376,0.00016,0.00004,0.000041
0.616,-1.315,5.659,8.521,352.5,1,0.000375,0.000379,0.000075,0.000074
0.608,-0.76,8.44,10.591,7.5,1,0.000382,0.00002,0.000008,0.000004
0.608,-0.76,8.44,10.591,22.5,1,0.000385,0.00002,0.000009,0.000005
0.608,-0.76,8.44,10.591,37.5,1,0.000333,0.000018,0.000005,0.000005
0.608,-0.76,8.44,10.591,52.5,1,0.000371,0.000019,0.00001,0.000013
0.608,-0.76,8.44,10.591,67.5,1,0.000357,0.000018,0.00001,0.000006
0.608,-0.76,8.44,10.591,82.5,1,0.000335,0.000018,0.000006,0.000009
0.608,-0.76,8.44,10.591,97.5,1,0.000323,0.000017,0.000002,0.000013
0.608,-0.76,8.44,10.591,112.5,1,0.00031,0.000017,0.000002,0.000001
0.608,-0.76,8.44,10.591,127.5,1,0.000274,0.000016,0.000012,0.000006
0.608,-0.76,8.44,10.591,142.5,1,0.00028,0.000017,0.000009,0.000007
0.608,-0.76,8.44,10.591,157.5,1,0.000284,0.000016,0.000005,0.000009
0.608,-0.76,8.44,10.591,172.5,1,0.00028,0.000016,0.000005,0.000003
0.608,-0.76,8.44,10.591,187.5,1,0.000266,0.000016,0.000012,0.000002
0.608,-0.76,8.44,10.591,202.5,1,0.00029,0.000016,0.000005,0.000005
0.608,-0.76,8.44,10.591,217.5,1,0.000313,0.000017,0.000001,0.000006
0.608,-0.76,8.44,10.591,232.5,1,0.00032,0.000017,0.00002,0.000007
0.608,-0.76,8.44,10.591,247.5,1,0.000329,0.000018,0.000013,0.000005
0.608,-0.76,8.44,10.591,262.5,1,0.000321,0.000018,0.000004,0.000012
0.608,-0.76,8.44,10.591,277.5,1,0.000328,0.000018,0.000012,0.000007
0.608,-0.76,8.44,10.591,292.5,1,0.000381,0.000019,0.000007,0.000013
0.608,-0.76,8.44,10.591,307.5,1,0.000381,0.000019,0.000008,0.000003
0.608,-0.76,8.44,10.591,322.5,1,0.000414,0.00002,0.000016,0.000005
0.608,-0.76,8.44,10.591,337.5,1,0.000377,0.00002,0.000013,0.000005
0.608,-0.76,8.44,10.591,352.5,1,0.000393,0.00002,0.00001,0.000006
0.609,-0.877,8.453,10.591,7.5,1,0.000342,0.000023,0.000006,0.000008
0.609,-0.877,8.453,10.591,22.5,1,0.000305,0.000021,0.000013,0.000009
0.609,-0.877,8.453,10.591,37.5,1,0.000284,0.000019,0.000007,0.000003
0.609,-0.877,8.453,10.591,52.5,1,0.000283,0.000018,0.000006,0.000003
0.609,-0.877,8.453,10.591,67.5,1,0.000267,0.000017,0.000009,0.000003
0.609,-0.877,8.453,10.591,82.5,1,0.000259,0.000016,0.00001,0.000002
0.609,-0.877,8.453,10.591,97.5,1,0.000226,0.000015,0.000003,0.000005
0.609,-0.877,8.453,10.591,112.5,1,0.000189,0.000014,0.000008,0.000002
0.609,-0.877,8.453,10.591,127.5,1,0.000205,0.000014,0.000008,0.000005
0.609,-0.877,8.453,10.591,142.5,1,0.000196,0.000014,0.000006,0.000006
0.609,-0.877,8.453,10.591,157.5,1,0.00021,0.000014,0.000003,0.000008
0.609,-0.877,8.453,10.591,172.5,1,0.000175,0.000014,0.000006,0.000001
0.609,-0.877,8.453,10.591,187.5,1,0.000189,0.000014,0.000003,0.000008
0.609,-0.877,8.453,10.591,202.5,1,0.000208,0.000015,0.000001,0.000004
0.609,-0.877,8.453,10.591,217.5,1,0.000187,0.000014,0.000007,0.000002
0.609,-0.877,8.453,10.591,232.5,1,0.000218,0.000016,0.000005,0.000005
0.609,-0.877,8.453,10.591,247.5,1,0.000266,0.000017,0.000003,0.000009
0.609,-0.877,8.453,10.591,262.5,1,0.000285,0.000017,0.000003,0.000008
0.609,-0.877,8.453,10.591,277.5,1,0.000257,0.000016,0.000007,0.000003
0.609,-0.877,8.453,10.591,292.5,1,0.000287,0.000018,0.000004,0.000008
0.609,-0.877,8.453,10.591,307.5,1,0.000309,0.000018,0.000004,0.000007
0.609,-0.877,8.453,10.591,322.5,1,0.00032,0.000019,0.000005,0.00001
0.609,-0.877,8.453,10.591,337.5,1,0.000362,0.000021,0.000009,0.000015
0.609,-0.877,8.453,10.591,352.5,1,0.00034,0.000023,0.000005,0.000008
0.611,-0.994,8.481,10.591,7.5,1,0.000306,0.000036,0.000017,0.000008
0.611,-0.994,8.481,10.591,22.5,1,0.000253,0.000028,0.000006,0.000012
0.611,-0.994,8.481,10.591,37.5,1,0.000231,0.000022,0.000016,0.000007
0.611,-0.994,8.481,10.591,52.5,1,0.000193,0.000017,0.000003,0.000007
0.611,-0.994,8.481,10.591,67.5,1,0.000206,0.000016,0.00001,0.000002
0.611,-0.994,8.481,10.591,82.5,1,0.000165,0.000014,0.00001,0.000005
0.611,-0.994,8.481,10.591,97.5,1,0.000185,0.000014,0.000003,0.000007
0.611,-0.994,8.481,10.591,112.5,1,0.00015,0.000013,0.000006,0.000002
0.611,-0.994,8.481,10.591,127.5,1,0.000137,0.000012,0.000005,0.000002
0.611,-0.994,8.481,10.591,142.5,1,0.000157,0.000013,0.000003,0.000004
0.611,-0.994,8.481,10.591,157.5,1,0.000134,0.000012,0.000005,0.000002
0.611,-0.994,8.481,10.591,172.5,1,0.000142,0.000013,0.000005,0.000004
0.611,-0.994,8.481,10.591,187.5,1,0.000149,0.000013,0.000002,0.000006
0.611,-0.994,8.481,10.591,202.5,1,0.00014,0.000013,0.000005,0.000008
0.611,-0.994,8.481,10.591,217.5,1,0.000172,0.000014,0.000007,0.000002
0.611,-0.994,8.481,10.591,232.5,1,0.000186,0.000015,0.000006,0.000009
0.611,-0.994,8.481,10.591,247.5,1,0.000211,0.000015,0.000005,0.000008
0.611,-0.994,8.481,10.591,262.5,1,0.000208,0.000016,0.000006,0.000005
0.611,-0.994,8.481,10.591,277.5,1,0.000199,0.000015,0.000005,0.000003
0.611,-0.994,8.481,10.591,292.5,1,0.000232,0.000016,0.000008,0.000001
0.611,-0.994,8.481,10.591,307.5,1,0.00025,0.000017,0.00001,0.000007
0.611,-0.994,8.481,10.591,322.5,1,0.000219,0.000019,0.00001,0.000003
0.611,-0.994,8.481,10.591,337.5,1,0.000231,0.000026,0.000016,0.000003
0.611,-0.994,8.481,10.591,352.5,1,0.000227,0.000032,0.000023,0.000005
0.613,-1.112,8.501,10.591,7.5,1,0.000314,0.00007,0.000014,0.000027
0.613,-1.112,8.501,10.591,22.5,1,0.000207,0.000046,0.000006,0.000014
0.613,-1.112,8.501,10.591,37.5,1,0.000185,0.000028,0.000004,0.000011
0.613,-1.112,8.501,10.591,52.5,1,0.000131,0.000017,0.000005,0.000004
0.613,-1.112,8.501,10.591,67.5,1,0.000151,0.000015,0.000004,0.000005
0.613,-1.112,8.501,10.591,82.5,1,0.00016,0.000015,0.000005,0.000005
0.613,-1.112,8.501,10.591,97.5,1,0.000139,0.000013,0.000006,0.000003
0.613,-1.112,8.501,10.591,112.5,1,0.00014,0.000013,0.000007,0.000002
0.613,-1.112,8.501,10.591,127.5,1,0.000123,0.000012,0.000005,0.000004
0.613,-1.112,8.501,10.591,142.5,1,0.00012,0.000012,0.000001,0.000006
0.613,-1.112,8.501,10.591,157.5,1,0.000122,0.000012,0.000004,0.000004
0.613,-1.112,8.501,10.591,172.5,1,0.000117,0.000012,0.000003,0.000002
0.613,-1.112,8.501,10.591,187.5,1,0.000106,0.000012,0.000002,0.000004
0.613,-1.112,8.501,10.591,202.5,1,0.000125,0.000013,0.000008,0.000003
0.613,-1.112,8.501,10.591,217.5,1,0.000143,0.000014,0,0.000012
0.613,-1.112,8.501,10.591,232.5,1,0.000165,0.000015,0.000003,0.000004
0.613,-1.112,8.501,10.591,247.5,1,0.000147,0.000014,0.000009,0.000004
0.613,-1.112,8.501,10.591,262.5,1,0.000132,0.000014,0.000006,0.000003
0.613,-1.112,8.501,10.591,277.5,1,0.000162,0.000015,0.000007,0.000003
0.613,-1.112,8.501,10.591,292.5,1,0.00018,0.000016,0.000003,0.000004
0.613,-1.112,8.501,10.591,307.5,1,0.000193,0.000018,0.000003,0.000003
0.613,-1.112,8.501,10.591,322.5,1,0.00015,0.000024,0.000013,0.00001
0.613,-1.112,8.501,10.591,337.5,1,0.00021,0.000046,0.000025,0.000006
0.613,-1.112,8.501,10.591,352.5,1,0.000151,0.000065,0.000007,0.00002
0.613,-1.277,8.513,10.591,7.5,1,0.00028,0.000136,0.000055,0.000008
0.613,-1.277,8.513,10.591,22.5,1,0.000139,0.000072,0.000045,0.000009
0.613,-1.277,8.513,10.591,37.5,1,0.000136,0.000029,0.000006,0.00001
0.613,-1.277,8.513,10.591,52.5,1,0.000133,0.000017,0.000003,0.000006
0.613,-1.277,8.513,10.591,67.5,1,0.000127,0.000014,0.000005,0.000003
0.613,-1.277,8.513,10.591,82.5,1,0.00012,0.000012,0.000005,0.000004
0.613,-1.277,8.513,10.591,97.5,1,0.000116,0.000011,0.000005,0.000003
0.613,-1.277,8.513,10.591,112.5,1,0.000107,0.00001,0.000003,0.000003
0.613,-1.277,8.513,10.591,127.5,1,0.000082,0.000008,0.000002,0.000001
0.613,-1.277,8.513,10.591,142.5,1,0.000086,0.000008,0.000002,0.000005
0.613,-1.277,8.513,10.591,157.5,1,0.000098,0.000009,0.000005,0.000004
0.613,-1.277,8.513,10.591,172.5,1,0.00011,0.00001,0.000003,0.000011
0.613,-1.277,8.513,10.591,187.5,1,0.000092,0.00001,0.000002,0.000008
0.613,-1.277,8.513,10.591,202.5,1,0.000094,0.000009,0.000006,0.000001
0.613,-1.277,8.513,10.591,217.5,1,0.000107,0.000009,0.000001,0.000005
0.613,-1.277,8.513,10.591,232.5,1,0.00011,0.000009,0,0.000004
0.613,-1.277,8.513,10.591,247.5,1,0.000135,0.000011,0.000004,0.000002
0.613,-1.277,8.513,10.591,262.5,1,0.000122,0.000011,0.000002,0.000003
0.613,-1.277,8.513,10.591,277.5,1,0.000142,0.000012,0.000004,0.000001
0.613,-1.277,8.513,10.591,292.5,1,0.000134,0.000014,0.000008,0.000006
0.613,-1.277,8.513,10.591,307.5,1,0.000129,0.000018,0.000006,0.000004
0.613,-1.277,8.513,10.591,322.5,1,0.000161,0.000031,0.000001,0.000014
0.613,-1.277,8.513,10.591,337.5,1,0.000128,0.000063,0.000013,0.000007
0.613,-1.277,8.513,10.591,352.5,1,0.000189,0.000171,0.000014,0.000034
