0.363,-0.207,3.167,7.383,7.5,2,0.00342,0.00197,0.00018,0.00099
0.363,-0.207,3.167,7.383,22.5,2,0.00099,0.00178,0.00061,0.00074
0.363,-0.207,3.167,7.383,37.5,2,0.00615,0.00173,0.00042,0.00046
0.363,-0.207,3.167,7.383,52.5,2,0.0036,0.00167,0.00083,0.00021
0.363,-0.207,3.167,7.383,67.5,2,0.00604,0.00157,0.00018,0.00057
0.363,-0.207,3.167,7.383,82.5,2,0.00423,0.00145,0.0006,0.00017
0.363,-0.207,3.167,7.383,97.5,2,0.00971,0.00135,0.00029,0.00073
0.363,-0.207,3.167,7.383,112.5,2,0.0049,0.00125,0.00012,0.00031
0.363,-0.207,3.167,7.383,127.5,2,0.00559,0.00123,0.00052,0.00011
0.363,-0.207,3.167,7.383,142.5,2,0.00324,0.00119,0.00052,0.00044
0.363,-0.207,3.167,7.383,157.5,2,0.00069,0.00119,0.0004,0.00046
0.363,-0.207,3.167,7.383,172.5,2,0.00236,0.00123,0.00051,0.00033
0.363,-0.207,3.167,7.383,187.5,2,0.00011,0.00106,0.00016,0.00071
0.363,-0.207,3.167,7.383,202.5,2,-0.00108,0.00114,0.00085,0.00038
0.363,-0.207,3.167,7.383,217.5,2,-0.00305,0.00115,0.00037,0.00062
0.363,-0.207,3.167,7.383,232.5,2,-0.00423,0.00116,0.00027,0.00088
0.363,-0.207,3.167,7.383,247.5,2,-0.00502,0.00128,0.00084,0.00045
0.363,-0.207,3.167,7.383,262.5,2,-0.00707,0.00134,0.00088,0.00012
0.363,-0.207,3.167,7.383,277.5,2,-0.0061,0.0014,0.00047,0.00038
0.363,-0.207,3.167,7.383,292.5,2,-0.00839,0.00158,0.00092,0.00094
0.363,-0.207,3.167,7.383,307.5,2,-0.0079,0.0016,0.00067,0.00144
0.363,-0.207,3.167,7.383,322.5,2,-0.00659,0.00169,0.00132,0.00019
0.363,-0.207,3.167,7.383,337.5,2,-0.00656,0.00174,0.00113,0.00048
0.363,-0.207,3.167,7.383,352.5,2,-0.00025,0.00164,0.00086,0.00036
0.363,-0.293,3.169,7.383,7.5,2,-0.00032,0.00204,0.00063,0.00045
0.363,-0.293,3.169,7.383,22.5,2,0.00001,0.00185,0.00071,0.00072
0.363,-0.293,3.169,7.383,37.5,2,0.00804,0.0017,0.00119,0.00051
0.363,-0.293,3.169,7.383,52.5,2,0.00722,0.0015,0.00093,0.0002
0.363,-0.293,3.169,7.383,67.5,2,0.00657,0.00127,0.00086,0
0.363,-0.293,3.169,7.383,82.5,2,0.00644,0.00113,0.00047,0.00052
0.363,-0.293,3.169,7.383,97.5,2,0.003,0.00103,0.00009,0.00029
0.363,-0.293,3.169,7.383,112.5,2,0.00432,0.00092,0.00035,0.00024
0.363,-0.293,3.169,7.383,127.5,2,0.00352,0.00085,0.00016,0.00036
0.363,-0.293,3.169,7.383,142.5,2,0.00155,0.00084,0.0005,0.0001
0.363,-0.293,3.169,7.383,157.5,2,0.00115,0.00076,0.00013,0.00047
0.363,-0.293,3.169,7.383,172.5,2,0,0.00081,0.00005,0.00028
0.363,-0.293,3.169,7.383,187.5,2,0.00008,0.00076,0.00012,0.00049
0.363,-0.293,3.169,7.383,202.5,2,-0.00057,0.0008,0.00016,0.00037
0.363,-0.293,3.169,7.383,217.5,2,-0.00184,0.00088,0.00019,0.00028
0.363,-0.293,3.169,7.383,232.5,2,-0.00261,0.00092,0.00034,0.00024
0.363,-0.293,3.169,7.383,247.5,2,-0.00433,0.001,0,0.00033
0.363,-0.293,3.169,7.383,262.5,2,-0.00463,0.00108,0.00025,0.00054
0.363,-0.293,3.169,7.383,277.5,2,-0.00364,0.00121,0.00007,0.00069
0.363,-0.293,3.169,7.383,292.5,2,-0.00564,0.00135,0.0004,0.00053
0.363,-0.293,3.169,7.383,307.5,2,-0.00814,0.0015,0.00047,0.00081
0.363,-0.293,3.169,7.383,322.5,2,-0.00535,0.00165,0.0005,0.00008
0.363,-0.293,3.169,7.383,337.5,2,-0.0054,0.00176,0.0004,0.00041
0.363,-0.293,3.169,7.383,352.5,2,0.00031,0.00186,0.00033,0.00102
0.365,-0.379,3.18,7.383,7.5,2,0.00095,0.00295,0.00021,0.00126
0.365,-0.379,3.18,7.383,22.5,2,0.00235,0.0024,0.00043,0.00128
0.365,-0.379,3.18,7.383,37.5,2,0.00469,0.00175,0.00091,0.00015
0.365,-0.379,3.18,7.383,52.5,2,0.00586,0.00143,0.00027,0.0006
0.365,-0.379,3.18,7.383,67.5,2,0.00379,0.00116,0.00046,0.00041
0.365,-0.379,3.18,7.383,82.5,2,0.00352,0.00102,0.00057,0.00003
0.365,-0.379,3.18,7.383,97.5,2,0.00347,0.00089,0.00021,0.00025
0.365,-0.379,3.18,7.383,112.5,2,0.00427,0.0008,0.00009,0.00027
0.365,-0.379,3.18,7.383,127.5,2,0.00154,0.00076,0.0004,0.00018
0.365,-0.379,3.18,7.383,142.5,2,0.00147,0.00072,0.0002,0.00016
0.365,-0.379,3.18,7.383,157.5,2,0.00102,0.00072,0.00017,0.00015
0.365,-0.379,3.18,7.383,172.5,2,-0.00019,0.00075,0.00036,0.00016
0.365,-0.379,3.18,7.383,187.5,2,0.00021,0.00068,0.00028,0.00019
0.365,-0.379,3.18,7.383,202.5,2,-0.00038,0.00077,0.00021,0.00044
0.365,-0.379,3.18,7.383,217.5,2,-0.00056,0.00074,0.00016,0.00038
0.365,-0.379,3.18,7.383,232.5,2,-0.00159,0.00079,0.00015,0.00023
0.365,-0.379,3.18,7.383,247.5,2,-0.0031,0.00087,0.0001,0.00047
0.365,-0.379,3.18,7.383,262.5,2,-0.00297,0.00097,0.00036,0.00016
0.365,-0.379,3.18,7.383,277.5,2,-0.0047,0.00109,0.00052,0.00061
0.365,-0.379,3.18,7.383,292.5,2,-0.00912,0.0013,0.00021,0.00031
0.365,-0.379,3.18,7.383,307.5,2,-0.00793,0.0015,0.00071,0.00066
0.365,-0.379,3.18,7.383,322.5,2,-0.00638,0.00171,0.00075,0.00022
0.365,-0.379,3.18,7.383,337.5,2,-0.00579,0.00221,0.0005,0.00066
0.365,-0.379,3.18,7.383,352.5,2,-0.00337,0.00273,0.00066,0.00137
0.365,-0.465,3.184,7.383,7.5,2,0.00622,0.00615,0.00179,0.00183
0.365,-0.465,3.184,7.383,22.5,2,0.0049,0.00383,0.00177,0.00049
0.365,-0.465,3.184,7.383,37.5,2,0.00315,0.00213,0.00138,0
0.365,-0.465,3.184,7.383,52.5,2,0.00603,0.00147,0.00002,0.00093
0.365,-0.465,3.184,7.383,67.5,2,0.0036,0.00115,0.00044,0.00087
0.365,-0.465,3.184,7.383,82.5,2,0.00316,0.00102,0.0004,0.00017
0.365,-0.465,3.184,7.383,97.5,2,0.00298,0.0009,0.00018,0.00042
0.365,-0.465,3.184,7.383,112.5,2,0.00239,0.00078,0.00022,0.00015
0.365,-0.465,3.184,7.383,127.5,2,0.00154,0.00071,0.00013,0.00019
0.365,-0.465,3.184,7.383,142.5,2,0.00127,0.0007,0.00036,0.00036
0.365,-0.465,3.184,7.383,157.5,2,0.00026,0.00072,0.00027,0.00008
0.365,-0.465,3.184,7.383,172.5,2,0.00069,0.00083,0.00041,0.00016
0.365,-0.465,3.184,7.383,187.5,2,-0.00025,0.00077,0.00046,0.00006
0.365,-0.465,3.184,7.383,202.5,2,-0.00114,0.0008,0.00022,0.00055
0.365,-0.465,3.184,7.383,217.5,2,-0.0011,0.00077,0.00027,0.00029
0.365,-0.465,3.184,7.383,232.5,2,-0.00143,0.00074,0.00028,0.00014
0.365,-0.465,3.184,7.383,247.5,2,-0.00243,0.0008,0.00029,0.00011
0.365,-0.465,3.184,7.383,262.5,2,-0.00166,0.0009,0.00041,0.00036
0.365,-0.465,3.184,7.383,277.5,2,-0.00468,0.00109,0.00035,0.00028
0.365,-0.465,3.184,7.383,292.5,2,-0.00477,0.00127,0.00033,0.00055
0.365,-0.465,3.184,7.383,307.5,2,-0.005,0.00157,0.00068,0.00066
0.365,-0.465,3.184,7.383,322.5,2,-0.00184,0.002,0.00044,0.00097
0.365,-0.465,3.184,7.383,337.5,2,-0.00514,0.00336,0.00186,0.00125
0.365,-0.465,3.184,7.383,352.5,2,0.00291,0.0056,0.00112,0.00357
0.364,-0.581,3.18,7.383,7.5,2,-0.01009,0.0265,0.0008,0.00309
0.364,-0.581,3.18,7.383,22.5,2,0.00438,0.00967,0.00344,0.00084
0.364,-0.581,3.18,7.383,37.5,2,0.00551,0.00249,0.0008,0.00171
0.364,-0.581,3.18,7.383,52.5,2,0.00222,0.00129,0.00038,0.0004
0.364,-0.581,3.18,7.383,67.5,2,0.00325,0.00097,0.00005,0.00046
0.364,-0.581,3.18,7.383,82.5,2,0.00158,0.00084,0.00039,0.00043
0.364,-0.581,3.18,7.383,97.5,2,0.00036,0.00071,0.00018,0.00018
0.364,-0.581,3.18,7.383,112.5,2,0.00088,0.00058,0.00021,0.00029
0.364,-0.581,3.18,7.383,127.5,2,0.00068,0.00049,0.00001,0.0003
0.364,-0.581,3.18,7.383,142.5,2,0.00116,0.00054,0.00009,0.00027
0.364,-0.581,3.18,7.383,157.5,2,0.00095,0.00073,0.00004,0.00033
0.364,-0.581,3.18,7.383,172.5,2,0.00047,0.00087,0.00079,0.00034
0.364,-0.581,3.18,7.383,187.5,2,-0.00023,0.00093,0.00018,0.00033
0.364,-0.581,3.18,7.383,202.5,2,-0.00147,0.00077,0.00053,0.00017
0.364,-0.581,3.18,7.383,217.5,2,-0.00111,0.00059,0.00023,0.00011
0.364,-0.581,3.18,7.383,232.5,2,-0.00032,0.00056,0.00021,0.00026
0.364,-0.581,3.18,7.383,247.5,2,-0.00175,0.00058,0.00047,0
0.364,-0.581,3.18,7.383,262.5,2,-0.0033,0.00076,0.0004,0.00037
0.364,-0.581,3.18,7.383,277.5,2,-0.00259,0.00091,0.0004,0.00029
0.364,-0.581,3.18,7.383,292.5,2,-0.00304,0.00109,0.00026,0.00048
0.364,-0.581,3.18,7.383,307.5,2,-0.004,0.00158,0.0004,0.001
0.364,-0.581,3.18,7.383,322.5,2,-0.004,0.00273,0.00087,0.00101
0.364,-0.581,3.18,7.383,337.5,2,-0.009,0.00876,0.00231,0.00355
0.364,-0.581,3.18,7.383,352.5,2,-0.00109,0.03242,0.00008,0.01435
0.367,-0.197,3.65,8.521,7.5,2,0.00005,0.0008,0.00025,0.00028
0.367,-0.197,3.65,8.521,22.5,2,0.002,0.0009,0.00045,0.0002
0.367,-0.197,3.65,8.521,37.5,2,0.00121,0.00094,0.00035,0.00028
0.367,-0.197,3.65,8.521,52.5,2,0.00251,0.00093,0.00011,0.00037
0.367,-0.197,3.65,8.521,67.5,2,0.00524,0.00093,0.00049,0.00009
0.367,-0.197,3.65,8.521,82.5,2,0.00447,0.00088,0.00069,0.0005
0.367,-0.197,3.65,8.521,97.5,2,0.00504,0.00087,0.00034,0.00061
0.367,-0.197,3.65,8.521,112.5,2,0.00366,0.00083,0.00028,0.00021
0.367,-0.197,3.65,8.521,127.5,2,0.00255,0.0008,0.00024,0.00003
0.367,-0.197,3.65,8.521,142.5,2,0.00211,0.00074,0.00026,0.00045
0.367,-0.197,3.65,8.521,157.5,2,0.0018,0.00069,0.00042,0.0001
0.367,-0.197,3.65,8.521,172.5,2,0.00032,0.00057,0.00032,0.00025
0.367,-0.197,3.65,8.521,187.5,2,-0.00159,0.00108,0.00026,0.00036
0.367,-0.197,3.65,8.521,202.5,2,-0.00077,0.00088,0.00029,0.00002
0.367,-0.197,3.65,8.521,217.5,2,-0.00098,0.00082,0.00023,0.00015
0.367,-0.197,3.65,8.521,232.5,2,-0.00546,0.00086,0.00025,0.00016
0.367,-0.197,3.65,8.521,247.5,2,-0.00248,0.00086,0.00031,0.0003
0.367,-0.197,3.65,8.521,262.5,2,-0.00417,0.00094,0.00028,0.00008
0.367,-0.197,3.65,8.521,277.5,2,-0.00337,0.00099,0.00018,0.00029
0.367,-0.197,3.65,8.521,292.5,2,-0.00476,0.00101,0.00036,0.00023
0.367,-0.197,3.65,8.521,307.5,2,-0.00303,0.00104,0.00029,0.00037
0.367,-0.197,3.65,8.521,322.5,2,-0.00333,0.00112,0.00031,0.00032
0.367,-0.197,3.65,8.521,337.5,2,0.00069,0.00112,0.00033,0.00059
0.367,-0.197,3.65,8.521,352.5,2,0.00406,0.00149,0.00067,0.00048
0.367,-0.258,3.653,8.521,7.5,2,0.00011,0.001,0.00016,0.00029
0.367,-0.258,3.653,8.521,22.5,2,0.00034,0.00105,0.00077,0.00018
0.367,-0.258,3.653,8.521,37.5,2,0.00407,0.00096,0.00047,0.00021
0.367,-0.258,3.653,8.521,52.5,2,0.00455,0.0009,0.00009,0.00045
0.367,-0.258,3.653,8.521,67.5,2,0.00522,0.00085,0.00023,0.0002
0.367,-0.258,3.653,8.521,82.5,2,0.00454,0.00075,0.00014,0.00012
0.367,-0.258,3.653,8.521,97.5,2,0.00418,0.00071,0.00047,0.00012
0.367,-0.258,3.653,8.521,112.5,2,0.00322,0.00063,0.00007,0.00025
0.367,-0.258,3.653,8.521,127.5,2,0.00183,0.00063,0.00032,0.00008
0.367,-0.258,3.653,8.521,142.5,2,0.00216,0.00057,0.00021,0.00027
0.367,-0.258,3.653,8.521,157.5,2,0.00084,0.00051,0.00011,0.00027
0.367,-0.258,3.653,8.521,172.5,2,0.00014,0.00046,0.00019,0.00012
0.367,-0.258,3.653,8.521,187.5,2,-0.0004,0.00065,0.00019,0.00012
0.367,-0.258,3.653,8.521,202.5,2,-0.00087,0.00062,0.00025,0.00005
0.367,-0.258,3.653,8.521,217.5,2,-0.00193,0.00063,0.00005,0.0003
0.367,-0.258,3.653,8.521,232.5,2,-0.00231,0.00064,0.00042,0.00007
0.367,-0.258,3.653,8.521,247.5,2,-0.003,0.00068,0.00032,0.00014
0.367,-0.258,3.653,8.521,262.5,2,-0.00379,0.00072,0.00038,0.00003
0.367,-0.258,3.653,8.521,277.5,2,-0.00247,0.00078,0.00024,0.00036
0.367,-0.258,3.653,8.521,292.5,2,-0.00493,0.00088,0.00032,0.00052
0.367,-0.258,3.653,8.521,307.5,2,-0.00425,0.00094,0.00041,0.00042
0.367,-0.258,3.653,8.521,322.5,2,-0.00365,0.00103,0.00027,0.00044
0.367,-0.258,3.653,8.521,337.5,2,-0.00225,0.0012,0.00035,0.00058
0.367,-0.258,3.653,8.521,352.5,2,-0.00146,0.00137,0.00056,0.00065
0.369,-0.32,3.669,8.521,7.5,2,0.0019,0.0014,0.00029,0.00056
0.369,-0.32,3.669,8.521,22.5,2,0.00465,0.00125,0.00012,0.00051
0.369,-0.32,3.669,8.521,37.5,2,0.00462,0.00104,0.00051,0.00019
0.369,-0.32,3.669,8.521,52.5,2,0.00333,0.00089,0.00025,0.00025
0.369,-0.32,3.669,8.521,67.5,2,0.00431,0.00078,0.00029,0.00027
0.369,-0.32,3.669,8.521,82.5,2,0.00304,0.00068,0.00017,0.00032
0.369,-0.32,3.669,8.521,97.5,2,0.00365,0.00063,0.00021,0.00017
0.369,-0.32,3.669,8.521,112.5,2,0.00195,0.00058,0.00008,0.00018
0.369,-0.32,3.669,8.521,127.5,2,0.00145,0.00053,0.00019,0.00006
0.369,-0.32,3.669,8.521,142.5,2,0.00136,0.00048,0.00032,0.00011
0.369,-0.32,3.669,8.521,157.5,2,0.00129,0.00048,0,0.00019
0.369,-0.32,3.669,8.521,172.5,2,-0.00004,0.00042,0.00015,0.00005
0.369,-0.32,3.669,8.521,187.5,2,-0.00033,0.00057,0.00033,0.00014
0.369,-0.32,3.669,8.521,202.5,2,0.00006,0.00053,0.00014,0.00041
0.369,-0.32,3.669,8.521,217.5,2,-0.0013,0.00054,0.00019,0.00014
0.369,-0.32,3.669,8.521,232.5,2,-0.00188,0.00057,0.00001,0.00034
0.369,-0.32,3.669,8.521,247.5,2,-0.00273,0.00061,0.00014,0.00012
0.369,-0.32,3.669,8.521,262.5,2,-0.00231,0.00066,0.00023,0.00018
0.369,-0.32,3.669,8.521,277.5,2,-0.00352,0.00072,0.00036,0.00015
0.369,-0.32,3.669,8.521,292.5,2,-0.00469,0.00081,0.00031,0.00019
0.369,-0.32,3.669,8.521,307.5,2,-0.00311,0.0009,0.00041,0.00048
0.369,-0.32,3.669,8.521,322.5,2,-0.00403,0.00108,0.00035,0.00031
0.369,-0.32,3.669,8.521,337.5,2,-0.0004,0.0014,0.00046,0.00041
0.369,-0.32,3.669,8.521,352.5,2,-0.00067,0.00182,0.00027,0.00075
0.37,-0.381,3.678,8.521,7.5,2,-0.00223,0.00255,0.00125,0.00084
0.37,-0.381,3.678,8.521,22.5,2,0.00081,0.00186,0.0006,0.00013
0.37,-0.381,3.678,8.521,37.5,2,0.00388,0.00121,0.00121,0.00033
0.37,-0.381,3.678,8.521,52.5,2,0.00257,0.00092,0.00012,0.00024
0.37,-0.381,3.678,8.521,67.5,2,0.00387,0.00078,0.00022,0.00043
0.37,-0.381,3.678,8.521,82.5,2,0.00227,0.00065,0.00035,0.00018
0.37,-0.381,3.678,8.521,97.5,2,0.00212,0.00059,0.00023,0.0002
0.37,-0.381,3.678,8.521,112.5,2,0.00209,0.00051,0.00019,0.00016
0.37,-0.381,3.678,8.521,127.5,2,0.00156,0.00047,0.00009,0.0002
0.37,-0.381,3.678,8.521,142.5,2,0.00147,0.00043,0.00002,0.00011
0.37,-0.381,3.678,8.521,157.5,2,-0.00008,0.00044,0.00004,0.00031
0.37,-0.381,3.678,8.521,172.5,2,0.00033,0.00042,0.00024,0.0001
0.37,-0.381,3.678,8.521,187.5,2,-0.00012,0.00051,0.00019,0.00006
0.37,-0.381,3.678,8.521,202.5,2,-0.00058,0.00048,0.00008,0.00017
0.37,-0.381,3.678,8.521,217.5,2,-0.00139,0.00052,0.00016,0.00014
0.37,-0.381,3.678,8.521,232.5,2,-0.001,0.00049,0.00003,0.00023
0.37,-0.381,3.678,8.521,247.5,2,-0.0016,0.00055,0.0002,0.00018
0.37,-0.381,3.678,8.521,262.5,2,-0.00237,0.00062,0.0001,0.00016
0.37,-0.381,3.678,8.521,277.5,2,-0.00273,0.00065,0.00028,0.00026
0.37,-0.381,3.678,8.521,292.5,2,-0.00311,0.00078,0.00035,0.00023
0.37,-0.381,3.678,8.521,307.5,2,-0.00605,0.0009,0.00014,0.00026
0.37,-0.381,3.678,8.521,322.5,2,-0.00258,0.00122,0.00009,0.00047
0.37,-0.381,3.678,8.521,337.5,2,-0.00317,0.00204,0.00126,0.00096
0.37,-0.381,3.678,8.521,352.5,2,-0.00019,0.00321,0.00049,0.00181
0.37,-0.469,3.679,8.521,7.5,2,0.00068,0.0053,0.00081,0.00168
0.37,-0.469,3.679,8.521,22.5,2,0.00345,0.00261,0.00081,0.00044
0.37,-0.469,3.679,8.521,37.5,2,0.00422,0.00129,0.00067,0.00076
0.37,-0.469,3.679,8.521,52.5,2,0.00147,0.00078,0.0003,0.00032
0.37,-0.469,3.679,8.521,67.5,2,0.00239,0.0006,0.0002,0.00011
0.37,-0.469,3.679,8.521,82.5,2,0.00236,0.00049,0.0002,0.00029
0.37,-0.469,3.679,8.521,97.5,2,0.00179,0.00043,0.00007,0.00011
0.37,-0.469,3.679,8.521,112.5,2,0.00154,0.00036,0.00004,0.00015
0.37,-0.469,3.679,8.521,127.5,2,0.00073,0.0003,0.00014,0.00006
0.37,-0.469,3.679,8.521,142.5,2,0.0012,0.00031,0.00003,0.00015
0.37,-0.469,3.679,8.521,157.5,2,0.00011,0.00032,0.0001,0.00005
0.37,-0.469,3.679,8.521,172.5,2,0.00048,0.00029,0.00026,0.00004
0.37,-0.469,3.679,8.521,187.5,2,-0.00012,0.00037,0.00004,0.00013
0.37,-0.469,3.679,8.521,202.5,2,-0.00078,0.00034,0.00013,0.00011
0.37,-0.469,3.679,8.521,217.5,2,-0.00102,0.00033,0.00016,0.00011
0.37,-0.469,3.679,8.521,232.5,2,-0.00089,0.00033,0.00013,0.00019
0.37,-0.469,3.679,8.521,247.5,2,-0.00178,0.00037,0.00004,0.00019
0.37,-0.469,3.679,8.521,262.5,2,-0.0016,0.00043,0.00011,0.00026
0.37,-0.469,3.679,8.521,277.5,2,-0.00222,0.00046,0.00034,0.00009
0.37,-0.469,3.679,8.521,292.5,2,-0.00253,0.00058,0.00005,0.00031
0.37,-0.469,3.679,8.521,307.5,2,-0.00254,0.00076,0.00019,0.00016
0.37,-0.469,3.679,8.521,322.5,2,-0.00261,0.00128,0.00026,0.00051
0.37,-0.469,3.679,8.521,337.5,2,-0.00387,0.00265,0.0011,0.00046
0.37,-0.469,3.679,8.521,352.5,2,0.00818,0.00658,0.00158,0.00127
0.369,-0.198,4.532,10.591,7.5,2,0.00117,0.00066,0.00014,0.00008
0.369,-0.198,4.532,10.591,22.5,2,0.00121,0.00068,0.00007,0.00031
0.369,-0.198,4.532,10.591,37.5,2,0.00172,0.00067,0.0003,0.0004
0.369,-0.198,4.532,10.591,52.5,2,0.00215,0.00065,0.00032,0.00035
0.369,-0.198,4.532,10.591,67.5,2,0.00159,0.00064,0.00033,0
0.369,-0.198,4.532,10.591,82.5,2,0.00187,0.00062,0.00011,0.00035
0.369,-0.198,4.532,10.591,97.5,2,0.0008,0.00055,0.00007,0.00041
0.369,-0.198,4.532,10.591,112.5,2,0.00205,0.00055,0.00021,0.00015
0.369,-0.198,4.532,10.591,127.5,2,0.0011,0.00055,0.00004,0.00017
0.369,-0.198,4.532,10.591,142.5,2,0.00176,0.00052,0.00009,0.00027
0.369,-0.198,4.532,10.591,157.5,2,0.00069,0.00053,0.00008,0.00025
0.369,-0.198,4.532,10.591,172.5,2,-0.00027,0.00049,0.00014,0.00022
0.369,-0.198,4.532,10.591,187.5,2,-0.0008,0.00056,0.00032,0.00018
0.369,-0.198,4.532,10.591,202.5,2,-0.00008,0.00057,0.00008,0.00013
0.369,-0.198,4.532,10.591,217.5,2,-0.00029,0.00056,0.00013,0.00017
0.369,-0.198,4.532,10.591,232.5,2,-0.00199,0.0006,0.00037,0.00008
0.369,-0.198,4.532,10.591,247.5,2,-0.00133,0.0006,0.00036,0.00013
0.369,-0.198,4.532,10.591,262.5,2,-0.00154,0.00061,0.00014,0.00016
0.369,-0.198,4.532,10.591,277.5,2,-0.00314,0.00063,0.00007,0.0003
0.369,-0.198,4.532,10.591,292.5,2,-0.00043,0.00066,0.00029,0.00037
0.369,-0.198,4.532,10.591,307.5,2,-0.00219,0.00067,0.00031,0.00023
0.369,-0.198,4.532,10.591,322.5,2,-0.00185,0.0007,0.00027,0.00024
0.369,-0.198,4.532,10.591,337.5,2,-0.00054,0.00074,0.00015,0.00018
0.369,-0.198,4.532,10.591,352.5,2,-0.00071,0.00075,0.00025,0.00008
0.37,-0.26,4.55,10.591,7.5,2,0.00073,0.00082,0.00005,0.00035
0.37,-0.26,4.55,10.591,22.5,2,0.00219,0.00075,0.00024,0.00026
0.37,-0.26,4.55,10.591,37.5,2,0.00103,0.00063,0.00032,0.00011
0.37,-0.26,4.55,10.591,52.5,2,0.0019,0.00059,0.00006,0.00018
0.37,-0.26,4.55,10.591,67.5,2,0.003,0.00057,0.00018,0.00017
0.37,-0.26,4.55,10.591,82.5,2,0.00364,0.00053,0.00013,0.00018
0.37,-0.26,4.55,10.591,97.5,2,0.0021,0.00051,0.00033,0.00006
0.37,-0.26,4.55,10.591,112.5,2,0.00102,0.00048,0.0002,0.00001
0.37,-0.26,4.55,10.591,127.5,2,0.00205,0.00047,0.00012,0.00012
0.37,-0.26,4.55,10.591,142.5,2,0.00113,0.00044,0.00021,0.00012
0.37,-0.26,4.55,10.591,157.5,2,-0.00027,0.00043,0.00016,0.00011
0.37,-0.26,4.55,10.591,172.5,2,0.00041,0.00039,0.00008,0.0002
0.37,-0.26,4.55,10.591,187.5,2,0.00079,0.00045,0.00015,0.00024
0.37,-0.26,4.55,10.591,202.5,2,-0.00014,0.00042,0.00012,0.00025
0.37,-0.26,4.55,10.591,217.5,2,-0.00114,0.00048,0.00018,0.00005
0.37,-0.26,4.55,10.591,232.5,2,-0.00161,0.00048,0.00001,0.00034
0.37,-0.26,4.55,10.591,247.5,2,-0.00163,0.00049,0.00007,0.00018
0.37,-0.26,4.55,10.591,262.5,2,-0.00236,0.00051,0.00028,0.00012
0.37,-0.26,4.55,10.591,277.5,2,-0.00194,0.00055,0.0001,0.00038
0.37,-0.26,4.55,10.591,292.5,2,-0.00353,0.00061,0.00058,0.00011
0.37,-0.26,4.55,10.591,307.5,2,-0.00153,0.00063,0.00033,0
0.37,-0.26,4.55,10.591,322.5,2,-0.00267,0.00073,0.00034,0.00008
0.37,-0.26,4.55,10.591,337.5,2,-0.00047,0.00076,0.00021,0.00031
0.37,-0.26,4.55,10.591,352.5,2,-0.00065,0.00084,0.00038,0.00042
0.372,-0.321,4.574,10.591,7.5,2,0.00012,0.00103,0.0006,0.00046
0.372,-0.321,4.574,10.591,22.5,2,0.00111,0.00088,0.00025,0.00058
0.372,-0.321,4.574,10.591,37.5,2,0.0026,0.00072,0.00035,0.0002
0.372,-0.321,4.574,10.591,52.5,2,0.00294,0.0006,0.00035,0.00008
0.372,-0.321,4.574,10.591,67.5,2,0.00223,0.00053,0.00023,0.00013
0.372,-0.321,4.574,10.591,82.5,2,0.00195,0.00047,0.00014,0.00019
0.372,-0.321,4.574,10.591,97.5,2,0.00106,0.00042,0.00019,0.00005
0.372,-0.321,4.574,10.591,112.5,2,0.0011,0.00037,0.00003,0.00028
0.372,-0.321,4.574,10.591,127.5,2,0.00118,0.00035,0.00008,0.00021
0.372,-0.321,4.574,10.591,142.5,2,0.00053,0.00034,0.00007,0.00019
0.372,-0.321,4.574,10.591,157.5,2,0.00023,0.00029,0.00004,0.00011
0.372,-0.321,4.574,10.591,172.5,2,0.00034,0.00029,0.00006,0.00003
0.372,-0.321,4.574,10.591,187.5,2,-0.00016,0.00029,0.00008,0.00021
0.372,-0.321,4.574,10.591,202.5,2,-0.00037,0.00032,0.00009,0.00016
0.372,-0.321,4.574,10.591,217.5,2,-0.00071,0.00035,0.00016,0.00005
0.372,-0.321,4.574,10.591,232.5,2,-0.00065,0.00038,0.00015,0.00013
0.372,-0.321,4.574,10.591,247.5,2,-0.00119,0.00043,0.0001,0.00016
0.372,-0.321,4.574,10.591,262.5,2,-0.00115,0.00045,0.00014,0.00031
0.372,-0.321,4.574,10.591,277.5,2,-0.00121,0.00047,0.00016,0.00012
0.372,-0.321,4.574,10.591,292.5,2,-0.00158,0.00054,0.00028,0.00022
0.372,-0.321,4.574,10.591,307.5,2,-0.00256,0.00062,0.00011,0.0002
0.372,-0.321,4.574,10.591,322.5,2,-0.00129,0.00073,0.00032,0.00028
0.372,-0.321,4.574,10.591,337.5,2,-0.0009,0.0009,0.00056,0
0.372,-0.321,4.574,10.591,352.5,2,-0.00041,0.0011,0.00063,0.0002
0.373,-0.383,4.585,10.591,7.5,2,0.00053,0.00146,0.00072,0.0001
0.373,-0.383,4.585,10.591,22.5,2,0.00195,0.00124,0.00059,0.00064
0.373,-0.383,4.585,10.591,37.5,2,0.00181,0.00085,0.00013,0.00032
0.373,-0.383,4.585,10.591,52.5,2,0.00171,0.00067,0.00035,0.00027
0.373,-0.383,4.585,10.591,67.5,2,0.0013,0.00055,0.00018,0.0002
0.373,-0.383,4.585,10.591,82.5,2,0.00197,0.00051,0.00024,0.00007
0.373,-0.383,4.585,10.591,97.5,2,0.00165,0.00043,0.00009,0.00024
0.373,-0.383,4.585,10.591,112.5,2,0.00156,0.00039,0.00004,0.00017
0.373,-0.383,4.585,10.591,127.5,2,0.00101,0.00034,0.0002,0.00002
0.373,-0.383,4.585,10.591,142.5,2,0.00055,0.00035,0.00012,0.0002
0.373,-0.383,4.585,10.591,157.5,2,0.00112,0.00032,0.00011,0.00011
0.373,-0.383,4.585,10.591,172.5,2,0.00034,0.00032,0.00019,0.00014
0.373,-0.383,4.585,10.591,187.5,2,-0.00024,0.00036,0.00014,0.00005
0.373,-0.383,4.585,10.591,202.5,2,0,0.00033,0.00015,0.00002
0.373,-0.383,4.585,10.591,217.5,2,-0.00007,0.00035,0.00007,0.00019
0.373,-0.383,4.585,10.591,232.5,2,-0.00103,0.00037,0.00013,0.00001
0.373,-0.383,4.585,10.591,247.5,2,-0.00114,0.00042,0.00015,0.00007
0.373,-0.383,4.585,10.591,262.5,2,-0.00078,0.00045,0.00021,0.00005
0.373,-0.383,4.585,10.591,277.5,2,-0.00146,0.0005,0.00031,0.00006
0.373,-0.383,4.585,10.591,292.5,2,-0.00269,0.00057,0.00021,0.00015
0.373,-0.383,4.585,10.591,307.5,2,-0.00287,0.00067,0.00025,0.00031
0.373,-0.383,4.585,10.591,322.5,2,-0.00155,0.00088,0.00033,0.00006
0.373,-0.383,4.585,10.591,337.5,2,-0.00242,0.0012,0.00028,0.00022
0.373,-0.383,4.585,10.591,352.5,2,0.00172,0.0017,0.0005,0.00093
0.371,-0.47,4.568,10.591,7.5,2,-0.0054,0.00297,0.00081,0.00123
0.371,-0.47,4.568,10.591,22.5,2,0.00061,0.00165,0.00074,0.00024
0.371,-0.47,4.568,10.591,37.5,2,0.00209,0.00092,0.00031,0.00008
0.371,-0.47,4.568,10.591,52.5,2,0.00076,0.00059,0.00031,0.00009
0.371,-0.47,4.568,10.591,67.5,2,0.00096,0.00044,0.00014,0.00009
0.371,-0.47,4.568,10.591,82.5,2,0.00109,0.00036,0.00013,0.00016
0.371,-0.47,4.568,10.591,97.5,2,0.00101,0.00031,0.00013,0.00003
0.371,-0.47,4.568,10.591,112.5,2,0.00085,0.00028,0.00009,0.00007
0.371,-0.47,4.568,10.591,127.5,2,0.00076,0.00024,0.0001,0.00001
0.371,-0.47,4.568,10.591,142.5,2,0.0006,0.00023,0.00011,0.00008
0.371,-0.47,4.568,10.591,157.5,2,0.00027,0.00022,0.00007,0.00001
0.371,-0.47,4.568,10.591,172.5,2,0.00017,0.00023,0.00001,0.00011
0.371,-0.47,4.568,10.591,187.5,2,-0.0003,0.00023,0.00012,0.00002
0.371,-0.47,4.568,10.591,202.5,2,-0.00005,0.00022,0.00005,0.00002
0.371,-0.47,4.568,10.591,217.5,2,-0.00035,0.00023,0.00007,0.00006
0.371,-0.47,4.568,10.591,232.5,2,-0.00037,0.00025,0.00004,0.00009
0.371,-0.47,4.568,10.591,247.5,2,-0.00121,0.00029,0.00011,0.00018
0.371,-0.47,4.568,10.591,262.5,2,-0.00139,0.00033,0.00006,0.00019
0.371,-0.47,4.568,10.591,277.5,2,-0.0012,0.00036,0.00013,0.00009
0.371,-0.47,4.568,10.591,292.5,2,-0.00258,0.00045,0.00019,0.00012
0.371,-0.47,4.568,10.591,307.5,2,-0.00131,0.00057,0.00018,0.00002
0.371,-0.47,4.568,10.591,322.5,2,-0.00187,0.00088,0.00057,0.00027
0.371,-0.47,4.568,10.591,337.5,2,-0.00463,0.00172,0.00138,0.00015
0.371,-0.47,4.568,10.591,352.5,2,0.00139,0.0031,0.00061,0.00031
0.483,-0.343,2.707,4.487,7.5,2,-0.00059,0.00194,0.00036,0.00067
0.483,-0.343,2.707,4.487,22.5,2,0.00155,0.00207,0.00167,0.0006
0.483,-0.343,2.707,4.487,37.5,2,-0.00012,0.00205,0.0007,0.00054
0.483,-0.343,2.707,4.487,52.5,2,0.0014,0.00201,0.00117,0.00034
0.483,-0.343,2.707,4.487,67.5,2,-0.00135,0.00204,0.00034,0.00061
0.483,-0.343,2.707,4.487,82.5,2,0.00225,0.00194,0.00073,0.00099
0.483,-0.343,2.707,4.487,97.5,2,-0.00006,0.00185,0.00054,0.00057
0.483,-0.343,2.707,4.487,112.5,2,0.0014,0.00191,0.00128,0.00058
0.483,-0.343,2.707,4.487,127.5,2,0.00097,0.00193,0.00113,0.00057
0.483,-0.343,2.707,4.487,142.5,2,-0.00054,0.00183,0.00124,0.00078
0.483,-0.343,2.707,4.487,157.5,2,-0.00087,0.0018,0.00094,0.0009
0.483,-0.343,2.707,4.487,172.5,2,0.00292,0.00168,0.00052,0.00112
0.483,-0.343,2.707,4.487,187.5,2,0.00016,0.00245,0.00043,0.00095
0.483,-0.343,2.707,4.487,202.5,2,-0.00006,0.0021,0.00095,0.00079
0.483,-0.343,2.707,4.487,217.5,2,-0.00082,0.002,0.00056,0.00067
0.483,-0.343,2.707,4.487,232.5,2,-0.00325,0.00208,0.00024,0.00145
0.483,-0.343,2.707,4.487,247.5,2,-0.00042,0.00209,0.0011,0.00035
0.483,-0.343,2.707,4.487,262.5,2,0.002,0.00223,0.00071,0.00095
0.483,-0.343,2.707,4.487,277.5,2,-0.00274,0.00219,0.0006,0.00069
0.483,-0.343,2.707,4.487,292.5,2,-0.00135,0.00221,0.00048,0.00048
0.483,-0.343,2.707,4.487,307.5,2,-0.00554,0.0023,0.00097,0.00085
0.483,-0.343,2.707,4.487,322.5,2,0.00348,0.00241,0.00133,0.00092
0.483,-0.343,2.707,4.487,337.5,2,-0.00155,0.00248,0.00145,0.00135
0.483,-0.343,2.707,4.487,352.5,2,-0.00009,0.00288,0.00078,0.00029
0.483,-0.385,2.708,4.487,7.5,2,-0.00039,0.0037,0.00156,0.00097
0.483,-0.385,2.708,4.487,22.5,2,-0.00369,0.00366,0.00135,0.00067
0.483,-0.385,2.708,4.487,37.5,2,0.00404,0.0032,0.00102,0.00105
0.483,-0.385,2.708,4.487,52.5,2,0.00383,0.00283,0.00048,0.00042
0.483,-0.385,2.708,4.487,67.5,2,0.01015,0.00261,0.00073,0.00259
0.483,-0.385,2.708,4.487,82.5,2,0.00478,0.00243,0.00072,0.00095
0.483,-0.385,2.708,4.487,97.5,2,0.00606,0.00229,0.00122,0.00068
0.483,-0.385,2.708,4.487,112.5,2,0.00248,0.00229,0.00094,0.00071
0.483,-0.385,2.708,4.487,127.5,2,0.00293,0.00211,0.00026,0.00132
0.483,-0.385,2.708,4.487,142.5,2,0.00271,0.00197,0.00156,0.00038
0.483,-0.385,2.708,4.487,157.5,2,-0.00105,0.00205,0.00147,0
0.483,-0.385,2.708,4.487,172.5,2,0.00019,0.00196,0.00048,0.00026
0.483,-0.385,2.708,4.487,187.5,2,0.00691,0.00249,0.00027,0.00075
0.483,-0.385,2.708,4.487,202.5,2,-0.00029,0.00241,0.00063,0.00078
0.483,-0.385,2.708,4.487,217.5,2,-0.00224,0.00236,0.00123,0.00011
0.483,-0.385,2.708,4.487,232.5,2,-0.00801,0.00227,0.00062,0.00083
0.483,-0.385,2.708,4.487,247.5,2,0.00008,0.00238,0.0006,0.00154
0.483,-0.385,2.708,4.487,262.5,2,-0.00616,0.00264,0.00143,0.00084
0.483,-0.385,2.708,4.487,277.5,2,-0.00198,0.00277,0.0009,0.00089
0.483,-0.385,2.708,4.487,292.5,2,-0.00218,0.00286,0.0009,0.0011
0.483,-0.385,2.708,4.487,307.5,2,-0.0003,0.00318,0.00171,0.00176
0.483,-0.385,2.708,4.487,322.5,2,-0.0054,0.00354,0.00027,0.00088
0.483,-0.385,2.708,4.487,337.5,2,-0.0054,0.00372,0.00216,0.00099
0.483,-0.385,2.708,4.487,352.5,2,-0.00383,0.00456,0.00046,0.00301
0.484,-0.428,2.713,4.487,7.5,2,0.00668,0.00633,0.00415,0.00454
0.484,-0.428,2.713,4.487,22.5,2,-0.00241,0.0053,0.00071,0.00267
0.484,-0.428,2.713,4.487,37.5,2,0.00274,0.00397,0.00158,0.00068
0.484,-0.428,2.713,4.487,52.5,2,0.00371,0.00303,0.00073,0.00087
0.484,-0.428,2.713,4.487,67.5,2,0.00313,0.00249,0.00081,0.00061
0.484,-0.428,2.713,4.487,82.5,2,0.00658,0.00231,0.00094,0.00096
0.484,-0.428,2.713,4.487,97.5,2,-0.00031,0.00205,0.0007,0.00056
0.484,-0.428,2.713,4.487,112.5,2,0.00363,0.00194,0.00066,0.00018
0.484,-0.428,2.713,4.487,127.5,2,0.00068,0.0017,0.00072,0.00167
0.484,-0.428,2.713,4.487,142.5,2,0.00258,0.00158,0.00074,0.00092
0.484,-0.428,2.713,4.487,157.5,2,0.00085,0.00178,0.00093,0.00053
0.484,-0.428,2.713,4.487,172.5,2,0.00002,0.00167,0.00066,0.00093
0.484,-0.428,2.713,4.487,187.5,2,0.00205,0.00202,0.00008,0.00151
0.484,-0.428,2.713,4.487,202.5,2,-0.0003,0.00193,0.00173,0.00026
0.484,-0.428,2.713,4.487,217.5,2,0.00165,0.00181,0.00056,0.00021
0.484,-0.428,2.713,4.487,232.5,2,-0.00382,0.00197,0.00233,0.00039
0.484,-0.428,2.713,4.487,247.5,2,-0.00239,0.00203,0.00065,0.00064
0.484,-0.428,2.713,4.487,262.5,2,-0.00158,0.00228,0.00069,0.00141
0.484,-0.428,2.713,4.487,277.5,2,-0.00399,0.00251,0.00054,0.00108
0.484,-0.428,2.713,4.487,292.5,2,-0.00057,0.00297,0.00118,0.00161
0.484,-0.428,2.713,4.487,307.5,2,-0.0018,0.00342,0.00038,0.00145
0.484,-0.428,2.713,4.487,322.5,2,-0.00535,0.00419,0.00233,0.00005
0.484,-0.428,2.713,4.487,337.5,2,-0.00588,0.00544,0.00153,0.00196
0.484,-0.428,2.713,4.487,352.5,2,-0.0022,0.00704,0.00415,0.00081
0.485,-0.471,2.715,4.487,7.5,2,-0.00034,0.00191,0.00956,0.0014
0.485,-0.471,2.715,4.487,22.5,2,0.00138,0.00403,0.00028,0.00276
0.485,-0.471,2.715,4.487,37.5,2,0.00321,0.00296,0.0008,0.00236
0.485,-0.471,2.715,4.487,52.5,2,-0.00158,0.00264,0.00056,0.00035
0.485,-0.471,2.715,4.487,67.5,2,0.00261,0.00242,0.00066,0.00097
0.485,-0.471,2.715,4.487,82.5,2,0.00397,0.00237,0.00048,0.00037
0.485,-0.471,2.715,4.487,97.5,2,0.00262,0.00231,0.00091,0.00171
0.485,-0.471,2.715,4.487,112.5,2,0.00435,0.00203,0.00117,0.00069
0.485,-0.471,2.715,4.487,127.5,2,0.00119,0.00201,0.00085,0.00024
0.485,-0.471,2.715,4.487,142.5,2,0.00012,0.00207,0.00061,0.0004
0.485,-0.471,2.715,4.487,157.5,2,0.00231,0.00233,0.00064,0.00026
0.485,-0.471,2.715,4.487,172.5,2,0.00254,0.00251,0.00094,0.00117
0.485,-0.471,2.715,4.487,187.5,2,0.00481,0.00299,0.00113,0.00148
0.485,-0.471,2.715,4.487,202.5,2,-0.0089,0.00262,0.00024,0.00265
0.485,-0.471,2.715,4.487,217.5,2,-0.00344,0.00239,0.00115,0.001
0.485,-0.471,2.715,4.487,232.5,2,0.00013,0.0023,0.00161,0.00097
0.485,-0.471,2.715,4.487,247.5,2,-0.00331,0.0024,0.0003,0.00082
0.485,-0.471,2.715,4.487,262.5,2,-0.00492,0.00255,0.00058,0.0011
0.485,-0.471,2.715,4.487,277.5,2,-0.00652,0.00258,0.00141,0.0002
0.485,-0.471,2.715,4.487,292.5,2,-0.00543,0.00279,0.00081,0.00089
0.485,-0.471,2.715,4.487,307.5,2,-0.00126,0.00302,0.00127,0.00074
0.485,-0.471,2.715,4.487,322.5,2,0.00128,0.00363,0.00088,0.00337
0.485,-0.471,2.715,4.487,337.5,2,-0.00007,0.0044,0.00093,0.00118
0.485,-0.471,2.715,4.487,352.5,2,-0.00005,0.00305,0.00402,0.01231
0.485,-0.531,2.717,4.487,7.5,2,-0.10746,0.14308,0.07798,0.03625
0.485,-0.531,2.717,4.487,22.5,2,0.02154,0.02858,0.02246,0.00372
0.485,-0.531,2.717,4.487,37.5,2,0.00483,0.00739,0.0036,0.00361
0.485,-0.531,2.717,4.487,52.5,2,0.00303,0.00309,0.00086,0.00133
0.485,-0.531,2.717,4.487,67.5,2,0.00343,0.00218,0.00126,0.00093
0.485,-0.531,2.717,4.487,82.5,2,0.00018,0.0019,0.00047,0.00051
0.485,-0.531,2.717,4.487,97.5,2,0.00326,0.00187,0.00026,0.00124
0.485,-0.531,2.717,4.487,112.5,2,0.00278,0.00154,0.00058,0.00053
0.485,-0.531,2.717,4.487,127.5,2,0.00078,0.00126,0.0006,0.00032
0.485,-0.531,2.717,4.487,142.5,2,0.00233,0.00142,0.0002,0.00056
0.485,-0.531,2.717,4.487,157.5,2,-0.00039,0.00157,0.00054,0.00044
0.485,-0.531,2.717,4.487,172.5,2,0.00587,0.00196,0.00065,0.00137
0.485,-0.531,2.717,4.487,187.5,2,-0.00092,0.00216,0.00064,0.00063
0.485,-0.531,2.717,4.487,202.5,2,0.00088,0.00173,0.00092,0.00021
0.485,-0.531,2.717,4.487,217.5,2,-0.00051,0.00152,0.00017,0.0005
0.485,-0.531,2.717,4.487,232.5,2,-0.00053,0.00161,0.00048,0.00041
0.485,-0.531,2.717,4.487,247.5,2,-0.00097,0.0016,0.00088,0.00037
0.485,-0.531,2.717,4.487,262.5,2,-0.0061,0.0016,0.00035,0.00081
0.485,-0.531,2.717,4.487,277.5,2,-0.00367,0.00195,0.00044,0.00028
0.485,-0.531,2.717,4.487,292.5,2,-0.00773,0.00242,0.00163,0.00055
0.485,-0.531,2.717,4.487,307.5,2,-0.00417,0.00391,0.00173,0.00171
0.485,-0.531,2.717,4.487,322.5,2,-0.0144,0.00787,0.0046,0.00737
0.485,-0.531,2.717,4.487,337.5,2,-0.02318,0.03766,0.01579,0.02743
0.485,-0.531,2.717,4.487,352.5,2,-0.00648,0.1177,0.05285,0.23401
0.497,-0.375,4.497,8.851,7.5,2,0.00002,0.00032,0.00004,0.00024
0.497,-0.375,4.497,8.851,22.5,2,0.00054,0.00031,0.00012,0.00003
0.497,-0.375,4.497,8.851,37.5,2,0.00015,0.00027,0.00014,0.00017
0.497,-0.375,4.497,8.851,52.5,2,-0.00002,0.00026,0.00015,0.00004
0.497,-0.375,4.497,8.851,67.5,2,0.00024,0.00024,0.00008,0.00011
0.497,-0.375,4.497,8.851,82.5,2,0.00051,0.00025,0.00007,0.00009
0.497,-0.375,4.497,8.851,97.5,2,0.00049,0.00024,0.0001,0.00003
0.497,-0.375,4.497,8.851,112.5,2,0.00034,0.00022,0.00008,0.00006
0.497,-0.375,4.497,8.851,127.5,2,0.00027,0.00023,0.00022,0.00006
0.497,-0.375,4.497,8.851,142.5,2,0.00017,0.00022,0.00005,0.00013
0.497,-0.375,4.497,8.851,157.5,2,-0.00017,0.00022,0.00005,0.00005
0.497,-0.375,4.497,8.851,172.5,2,-0.0003,0.00023,0.00012,0.00004
0.497,-0.375,4.497,8.851,187.5,2,-0.00008,0.0002,0.0001,0.00007
0.497,-0.375,4.497,8.851,202.5,2,-0.00018,0.00022,0.00008,0.00008
0.497,-0.375,4.497,8.851,217.5,2,0,0.00021,0.00005,0.00009
0.497,-0.375,4.497,8.851,232.5,2,-0.00039,0.00021,0.00007,0.00003
0.497,-0.375,4.497,8.851,247.5,2,-0.00047,0.00023,0.00007,0.00008
0.497,-0.375,4.497,8.851,262.5,2,-0.00074,0.00024,0.00004,0.00009
0.497,-0.375,4.497,8.851,277.5,2,-0.0006,0.00024,0.00005,0.00013
0.497,-0.375,4.497,8.851,292.5,2,-0.00055,0.00025,0.00008,0.00008
0.497,-0.375,4.497,8.851,307.5,2,-0.00042,0.00024,0.00011,0.00006
0.497,-0.375,4.497,8.851,322.5,2,-0.00063,0.00025,0.00011,0.00003
0.497,-0.375,4.497,8.851,337.5,2,0.00008,0.00026,0.00003,0.00006
0.497,-0.375,4.497,8.851,352.5,2,-0.00007,0.00026,0.00002,0.00009
0.501,-0.437,4.528,8.851,7.5,2,0.00035,0.00032,0.00002,0.00006
0.501,-0.437,4.528,8.851,22.5,2,0.00023,0.00028,0.00005,0.00018
0.501,-0.437,4.528,8.851,37.5,2,0.00021,0.00028,0.00004,0.00017
0.501,-0.437,4.528,8.851,52.5,2,0.00056,0.00024,0.00005,0.00018
0.501,-0.437,4.528,8.851,67.5,2,0.00078,0.00022,0.00001,0.00007
0.501,-0.437,4.528,8.851,82.5,2,0.00047,0.00021,0.0001,0.00012
0.501,-0.437,4.528,8.851,97.5,2,0.00078,0.00019,0.00006,0.00004
0.501,-0.437,4.528,8.851,112.5,2,0.00055,0.0002,0.00012,0.00005
0.501,-0.437,4.528,8.851,127.5,2,0.00047,0.00019,0.00002,0.00008
0.501,-0.437,4.528,8.851,142.5,2,0.00054,0.00019,0.00003,0.00007
0.501,-0.437,4.528,8.851,157.5,2,0.00067,0.00019,0.00004,0.0001
0.501,-0.437,4.528,8.851,172.5,2,0.00012,0.0002,0.00011,0.00003
0.501,-0.437,4.528,8.851,187.5,2,0.00039,0.00018,0.00006,0.00005
0.501,-0.437,4.528,8.851,202.5,2,-0.0003,0.00021,0.00007,0.00003
0.501,-0.437,4.528,8.851,217.5,2,-0.00057,0.00021,0.00007,0.00003
0.501,-0.437,4.528,8.851,232.5,2,-0.00022,0.0002,0.00014,0.00007
0.501,-0.437,4.528,8.851,247.5,2,-0.00007,0.00021,0.00004,0.00008
0.501,-0.437,4.528,8.851,262.5,2,-0.00026,0.00022,0.00006,0.00011
0.501,-0.437,4.528,8.851,277.5,2,-0.00051,0.00022,0.00001,0.00009
0.501,-0.437,4.528,8.851,292.5,2,-0.0006,0.00023,0.00012,0.00002
0.501,-0.437,4.528,8.851,307.5,2,-0.00046,0.00023,0.00003,0.00014
0.501,-0.437,4.528,8.851,322.5,2,-0.00037,0.00026,0.00006,0.00005
0.501,-0.437,4.528,8.851,337.5,2,-0.00045,0.00028,0.00014,0.00008
0.501,-0.437,4.528,8.851,352.5,2,-0.00007,0.00029,0.00003,0.00012
0.504,-0.498,4.558,8.851,7.5,2,0.00041,0.0005,0.00036,0.00011
0.504,-0.498,4.558,8.851,22.5,2,0.00025,0.00045,0.00007,0.00011
0.504,-0.498,4.558,8.851,37.5,2,0.0008,0.00033,0.00015,0.00011
0.504,-0.498,4.558,8.851,52.5,2,0.00059,0.00026,0.00007,0.00006
0.504,-0.498,4.558,8.851,67.5,2,0.00042,0.00022,0.00009,0.00003
0.504,-0.498,4.558,8.851,82.5,2,0.00064,0.00021,0.00008,0.00004
0.504,-0.498,4.558,8.851,97.5,2,0.0003,0.00018,0.0001,0.00004
0.504,-0.498,4.558,8.851,112.5,2,0.00064,0.00018,0.00001,0.00007
0.504,-0.498,4.558,8.851,127.5,2,0.00056,0.00017,0.00002,0.00007
0.504,-0.498,4.558,8.851,142.5,2,0.00023,0.00016,0.00004,0.00001
0.504,-0.498,4.558,8.851,157.5,2,0.0006,0.00017,0.00011,0.00003
0.504,-0.498,4.558,8.851,172.5,2,0.00023,0.00017,0.0001,0.00015
0.504,-0.498,4.558,8.851,187.5,2,0.00027,0.00018,0.00006,0.00002
0.504,-0.498,4.558,8.851,202.5,2,-0.00007,0.00019,0.00008,0.0001
0.504,-0.498,4.558,8.851,217.5,2,-0.00008,0.0002,0.00006,0.00008
0.504,-0.498,4.558,8.851,232.5,2,-0.00039,0.0002,0.00007,0.00004
0.504,-0.498,4.558,8.851,247.5,2,-0.00018,0.0002,0.00005,0.00008
0.504,-0.498,4.558,8.851,262.5,2,-0.00039,0.00021,0.00007,0.00007
0.504,-0.498,4.558,8.851,277.5,2,-0.00065,0.00022,0.00003,0.00005
0.504,-0.498,4.558,8.851,292.5,2,-0.00098,0.00023,0.00009,0.00005
0.504,-0.498,4.558,8.851,307.5,2,-0.0007,0.00027,0.0001,0.00012
0.504,-0.498,4.558,8.851,322.5,2,-0.00108,0.00034,0.00007,0.00013
0.504,-0.498,4.558,8.851,337.5,2,-0.00059,0.00041,0.00004,0.00038
0.504,-0.498,4.558,8.851,352.5,2,-0.00091,0.00046,0.00018,0.00027
0.506,-0.56,4.573,8.851,7.5,2,0.00044,0.0006,0.00005,0.00013
0.506,-0.56,4.573,8.851,22.5,2,-0.00024,0.00055,0.0001,0.00015
0.506,-0.56,4.573,8.851,37.5,2,0.00048,0.00037,0.00007,0.00012
0.506,-0.56,4.573,8.851,52.5,2,0.00051,0.00029,0.00009,0.0001
0.506,-0.56,4.573,8.851,67.5,2,0.00044,0.00022,0.00007,0.00014
0.506,-0.56,4.573,8.851,82.5,2,0.00028,0.0002,0.00007,0.00009
0.506,-0.56,4.573,8.851,97.5,2,0.00015,0.00018,0.00009,0.00002
0.506,-0.56,4.573,8.851,112.5,2,0.00038,0.00017,0.00005,0.00004
0.506,-0.56,4.573,8.851,127.5,2,0.00033,0.00016,0.00009,0.0001
0.506,-0.56,4.573,8.851,142.5,2,0.00027,0.00018,0.00001,0.00012
0.506,-0.56,4.573,8.851,157.5,2,0.00006,0.00017,0.00014,0.00006
0.506,-0.56,4.573,8.851,172.5,2,-0.00028,0.00019,0.00006,0.00002
0.506,-0.56,4.573,8.851,187.5,2,0.00012,0.0002,0.00003,0.0001
0.506,-0.56,4.573,8.851,202.5,2,-0.00003,0.0002,0,0.00015
0.506,-0.56,4.573,8.851,217.5,2,0.00002,0.00021,0.00004,0.00007
0.506,-0.56,4.573,8.851,232.5,2,-0.00069,0.00021,0.00003,0.00011
0.506,-0.56,4.573,8.851,247.5,2,-0.00064,0.0002,0.00006,0
0.506,-0.56,4.573,8.851,262.5,2,-0.00052,0.00021,0.00004,0.00007
0.506,-0.56,4.573,8.851,277.5,2,-0.0006,0.00021,0.00004,0.00007
0.506,-0.56,4.573,8.851,292.5,2,-0.00024,0.00023,0,0.00009
0.506,-0.56,4.573,8.851,307.5,2,-0.00098,0.00028,0.0001,0.00001
0.506,-0.56,4.573,8.851,322.5,2,-0.00073,0.00036,0.0001,0.00011
0.506,-0.56,4.573,8.851,337.5,2,0.0001,0.00048,0.00012,0.00014
0.506,-0.56,4.573,8.851,352.5,2,0.00006,0.0006,0.0002,0.00014
0.508,-0.649,4.593,8.851,7.5,2,-0.00035,0.00081,0.00027,0.00013
0.508,-0.649,4.593,8.851,22.5,2,0.00106,0.00065,0.00018,0.00004
0.508,-0.649,4.593,8.851,37.5,2,0.00092,0.00036,0.0001,0.00021
0.508,-0.649,4.593,8.851,52.5,2,0.00046,0.00023,0.00009,0.00003
0.508,-0.649,4.593,8.851,67.5,2,0.00071,0.00019,0.00005,0.00012
0.508,-0.649,4.593,8.851,82.5,2,0.00039,0.00016,0.00004,0.00006
0.508,-0.649,4.593,8.851,97.5,2,0.00026,0.00015,0.00001,0.00009
0.508,-0.649,4.593,8.851,112.5,2,0.00026,0.00013,0.00002,0.00007
0.508,-0.649,4.593,8.851,127.5,2,0.00024,0.00012,0.00001,0.00006
0.508,-0.649,4.593,8.851,142.5,2,0.00028,0.00012,0.00001,0.00003
0.508,-0.649,4.593,8.851,157.5,2,0.00022,0.00014,0.00008,0.00012
0.508,-0.649,4.593,8.851,172.5,2,0.00011,0.00015,0.00001,0.00009
0.508,-0.649,4.593,8.851,187.5,2,-0.00017,0.00014,0.00004,0.00005
0.508,-0.649,4.593,8.851,202.5,2,-0.00025,0.00015,0.00009,0.00004
0.508,-0.649,4.593,8.851,217.5,2,-0.00031,0.00016,0.00007,0.00016
0.508,-0.649,4.593,8.851,232.5,2,-0.00048,0.00015,0.00007,0.00001
0.508,-0.649,4.593,8.851,247.5,2,-0.00049,0.00014,0.00004,0.00002
0.508,-0.649,4.593,8.851,262.5,2,-0.00039,0.00015,0.00001,0.00003
0.508,-0.649,4.593,8.851,277.5,2,-0.00048,0.00017,0.00009,0.00001
0.508,-0.649,4.593,8.851,292.5,2,-0.00012,0.0002,0.00005,0.00007
0.508,-0.649,4.593,8.851,307.5,2,-0.00052,0.00027,0.00009,0.00008
0.508,-0.649,4.593,8.851,322.5,2,0.00005,0.00037,0.00006,0.00019
0.508,-0.649,4.593,8.851,337.5,2,0.00001,0.00055,0.00021,0.00021
0.508,-0.649,4.593,8.851,352.5,2,0.00049,0.00067,0.00017,0.00001
0.482,-0.381,5.331,8.847,7.5,2,-0.0004,0.00038,0.00014,0.00007
0.482,-0.381,5.331,8.847,22.5,2,0.00039,0.00036,0.00014,0.00002
0.482,-0.381,5.331,8.847,37.5,2,0.00094,0.00033,0.00016,0.00016
0.482,-0.381,5.331,8.847,52.5,2,0.00033,0.00035,0.00004,0.00013
0.482,-0.381,5.331,8.847,67.5,2,0.00038,0.0003,0.00028,0.00007
0.482,-0.381,5.331,8.847,82.5,2,0.00045,0.0003,0.0001,0.00003
0.482,-0.381,5.331,8.847,97.5,2,0.00047,0.00028,0.00011,0.00008
0.482,-0.381,5.331,8.847,112.5,2,0.0002,0.00029,0.00013,0.00003
0.482,-0.381,5.331,8.847,127.5,2,0.00057,0.00027,0.00006,0.00006
0.482,-0.381,5.331,8.847,142.5,2,0.00039,0.00026,0.00006,0.00011
0.482,-0.381,5.331,8.847,157.5,2,0.00012,0.00027,0.00005,0.0002
0.482,-0.381,5.331,8.847,172.5,2,-0.00014,0.00027,0.00006,0.00008
0.482,-0.381,5.331,8.847,187.5,2,0.0004,0.00025,0.00004,0.00016
0.482,-0.381,5.331,8.847,202.5,2,-0.00022,0.00026,0.00007,0.00004
0.482,-0.381,5.331,8.847,217.5,2,-0.00011,0.00025,0.00008,0.00006
0.482,-0.381,5.331,8.847,232.5,2,-0.00012,0.00027,0.00005,0.0001
0.482,-0.381,5.331,8.847,247.5,2,-0.00054,0.00028,0.00005,0.00005
0.482,-0.381,5.331,8.847,262.5,2,-0.00029,0.00031,0.00008,0.00001
0.482,-0.381,5.331,8.847,277.5,2,-0.00024,0.00032,0.00011,0.00008
0.482,-0.381,5.331,8.847,292.5,2,-0.00084,0.00032,0.00009,0.00011
0.482,-0.381,5.331,8.847,307.5,2,-0.00008,0.00034,0.00007,0.00013
0.482,-0.381,5.331,8.847,322.5,2,0.00008,0.00035,0.0001,0.00008
0.482,-0.381,5.331,8.847,337.5,2,-0.00027,0.00035,0.00013,0.00009
0.482,-0.381,5.331,8.847,352.5,2,-0.00011,0.00034,0.00022,0.00012
0.483,-0.439,5.339,8.847,7.5,2,0.00018,0.00022,0.00018,0.00001
0.483,-0.439,5.339,8.847,22.5,2,0.00027,0.00023,0.00024,0.00007
0.483,-0.439,5.339,8.847,37.5,2,0.00092,0.00024,0.00014,0.00007
0.483,-0.439,5.339,8.847,52.5,2,-0.00006,0.00023,0.00005,0.00008
0.483,-0.439,5.339,8.847,67.5,2,0.00037,0.00025,0.00005,0.00006
0.483,-0.439,5.339,8.847,82.5,2,0.00051,0.00026,0.00004,0.00016
0.483,-0.439,5.339,8.847,97.5,2,0.00035,0.00025,0.00005,0.00013
0.483,-0.439,5.339,8.847,112.5,2,0.00098,0.00023,0.00013,0.00014
0.483,-0.439,5.339,8.847,127.5,2,0.00031,0.00023,0.00009,0.00006
0.483,-0.439,5.339,8.847,142.5,2,0.00029,0.00023,0.00008,0.00007
0.483,-0.439,5.339,8.847,157.5,2,0.00038,0.00022,0.00011,0.00004
0.483,-0.439,5.339,8.847,172.5,2,0.00008,0.00025,0.00006,0.00006
0.483,-0.439,5.339,8.847,187.5,2,-0.00014,0.00024,0.0001,0.00007
0.483,-0.439,5.339,8.847,202.5,2,-0.00022,0.00025,0.00011,0.00009
0.483,-0.439,5.339,8.847,217.5,2,-0.00053,0.00022,0.00011,0.00004
0.483,-0.439,5.339,8.847,232.5,2,-0.00001,0.00026,0.00004,0.00007
0.483,-0.439,5.339,8.847,247.5,2,-0.00082,0.00027,0.00008,0.0001
0.483,-0.439,5.339,8.847,262.5,2,-0.00035,0.00026,0.00006,0.00011
0.483,-0.439,5.339,8.847,277.5,2,-0.00025,0.00027,0.00006,0.00012
0.483,-0.439,5.339,8.847,292.5,2,-0.00033,0.00027,0.00007,0.00011
0.483,-0.439,5.339,8.847,307.5,2,0.00023,0.00026,0.00008,0.00026
0.483,-0.439,5.339,8.847,322.5,2,-0.00033,0.00024,0.00003,0.00019
0.483,-0.439,5.339,8.847,337.5,2,-0.00028,0.00022,0.00007,0.00011
0.483,-0.439,5.339,8.847,352.5,2,0.00013,0.00021,0.00009,0.00023
0.485,-0.498,5.36,8.847,7.5,2,-0.00006,0.00062,0.00033,0.00021
0.485,-0.498,5.36,8.847,22.5,2,0.0006,0.00049,0.00006,0.00016
0.485,-0.498,5.36,8.847,37.5,2,0.00039,0.00039,0.00017,0.00013
0.485,-0.498,5.36,8.847,52.5,2,0.00129,0.00031,0.00004,0.00009
0.485,-0.498,5.36,8.847,67.5,2,0.00125,0.00027,0.00008,0.00005
0.485,-0.498,5.36,8.847,82.5,2,0.00008,0.00024,0.00009,0.00007
0.485,-0.498,5.36,8.847,97.5,2,0.00037,0.00024,0.00014,0.00006
0.485,-0.498,5.36,8.847,112.5,2,0.00045,0.00022,0.00006,0.00005
0.485,-0.498,5.36,8.847,127.5,2,-0.00004,0.00018,0.00008,0.00005
0.485,-0.498,5.36,8.847,142.5,2,0.00019,0.00017,0.00017,0.00003
0.485,-0.498,5.36,8.847,157.5,2,0.00004,0.00017,0.00007,0.00001
0.485,-0.498,5.36,8.847,172.5,2,0.00021,0.00016,0.00006,0.00002
0.485,-0.498,5.36,8.847,187.5,2,-0.00034,0.00017,0.00002,0.00008
0.485,-0.498,5.36,8.847,202.5,2,-0.00009,0.00017,0.00004,0.00005
0.485,-0.498,5.36,8.847,217.5,2,-0.00013,0.00018,0.00007,0.00003
0.485,-0.498,5.36,8.847,232.5,2,-0.0006,0.00021,0.00003,0.00012
0.485,-0.498,5.36,8.847,247.5,2,-0.00036,0.00022,0.00007,0.00005
0.485,-0.498,5.36,8.847,262.5,2,-0.00048,0.00026,0.00013,0.00011
0.485,-0.498,5.36,8.847,277.5,2,-0.00072,0.00029,0.00009,0.00027
0.485,-0.498,5.36,8.847,292.5,2,-0.00094,0.0003,0.00009,0.00007
0.485,-0.498,5.36,8.847,307.5,2,-0.00144,0.00034,0.00006,0.00009
0.485,-0.498,5.36,8.847,322.5,2,-0.00073,0.00043,0.00008,0.0001
0.485,-0.498,5.36,8.847,337.5,2,0.00033,0.00051,0.00016,0.00014
0.485,-0.498,5.36,8.847,352.5,2,-0.00008,0.0006,0.00006,0.00009
0.486,-0.457,5.371,8.847,7.5,2,0.00013,0.00089,0.00017,0.00024
0.486,-0.457,5.371,8.847,22.5,2,0.00016,0.00057,0.00014,0.00024
0.486,-0.457,5.371,8.847,37.5,2,0.00091,0.00042,0.00007,0.0003
0.486,-0.457,5.371,8.847,52.5,2,0.00081,0.00032,0,0.00018
0.486,-0.457,5.371,8.847,67.5,2,0.00115,0.00026,0.00004,0.00009
0.486,-0.457,5.371,8.847,82.5,2,0.00024,0.00024,0.0001,0.00007
0.486,-0.457,5.371,8.847,97.5,2,0.00021,0.00022,0.0001,0.00003
0.486,-0.457,5.371,8.847,112.5,2,0.00035,0.00021,0.00004,0.00006
0.486,-0.457,5.371,8.847,127.5,2,0.00051,0.00022,0.00005,0.00007
0.486,-0.457,5.371,8.847,142.5,2,0.00026,0.0002,0.00002,0.00003
0.486,-0.457,5.371,8.847,157.5,2,-0.00009,0.0002,0.00005,0.00007
0.486,-0.457,5.371,8.847,172.5,2,0.00014,0.00022,0.00002,0.00012
0.486,-0.457,5.371,8.847,187.5,2,0.00023,0.00022,0.00007,0.00003
0.486,-0.457,5.371,8.847,202.5,2,-0.00051,0.0002,0.00014,0.00005
0.486,-0.457,5.371,8.847,217.5,2,-0.00056,0.00021,0.00007,0.00012
0.486,-0.457,5.371,8.847,232.5,2,-0.00031,0.00023,0.00004,0.00017
0.486,-0.457,5.371,8.847,247.5,2,-0.00027,0.00022,0.00001,0.00014
0.486,-0.457,5.371,8.847,262.5,2,-0.0006,0.00024,0.00009,0.00005
0.486,-0.457,5.371,8.847,277.5,2,-0.00002,0.00025,0.00001,0.00015
0.486,-0.457,5.371,8.847,292.5,2,-0.00038,0.00029,0.00009,0.00007
0.486,-0.457,5.371,8.847,307.5,2,-0.00075,0.00032,0.00016,0.00006
0.486,-0.457,5.371,8.847,322.5,2,-0.00065,0.00044,0.00019,0.00023
0.486,-0.457,5.371,8.847,337.5,2,0.00054,0.00074,0.00038,0.0003
0.486,-0.457,5.371,8.847,352.5,2,-0.00071,0.00088,0.00056,0.00012
0.486,-0.642,5.379,8.847,7.5,2,0.00163,0.00222,0.00026,0.00089
0.486,-0.642,5.379,8.847,22.5,2,0.00012,0.00088,0.00021,0.00064
0.486,-0.642,5.379,8.847,37.5,2,0.00094,0.00042,0.00002,0.00017
0.486,-0.642,5.379,8.847,52.5,2,0.00013,0.00029,0.0001,0.00007
0.486,-0.642,5.379,8.847,67.5,2,0.00082,0.00021,0.00008,0.00011
0.486,-0.642,5.379,8.847,82.5,2,0.00022,0.00018,0.0001,0.00005
0.486,-0.642,5.379,8.847,97.5,2,0.00036,0.00016,0.00012,0
0.486,-0.642,5.379,8.847,112.5,2,0.00002,0.00014,0.00008,0.00008
0.486,-0.642,5.379,8.847,127.5,2,0.00012,0.00012,0.00005,0.00005
0.486,-0.642,5.379,8.847,142.5,2,0.00016,0.0001,0.00001,0.00004
0.486,-0.642,5.379,8.847,157.5,2,-0.00007,0.00011,0.00006,0.00004
0.486,-0.642,5.379,8.847,172.5,2,-0.00002,0.00012,0.00008,0.00001
0.486,-0.642,5.379,8.847,187.5,2,-0.00016,0.00011,0.00009,0.00002
0.486,-0.642,5.379,8.847,202.5,2,-0.00002,0.00012,0.00003,0.00006
0.486,-0.642,5.379,8.847,217.5,2,0.00001,0.0001,0.00003,0.0001
0.486,-0.642,5.379,8.847,232.5,2,0.00003,0.00013,0.00005,0.00006
0.486,-0.642,5.379,8.847,247.5,2,-0.00038,0.00015,0.00004,0.00004
0.486,-0.642,5.379,8.847,262.5,2,-0.00037,0.00017,0.00002,0.00004
0.486,-0.642,5.379,8.847,277.5,2,-0.00065,0.00019,0.00005,0.00005
0.486,-0.642,5.379,8.847,292.5,2,-0.00042,0.00024,0.00003,0.00009
0.486,-0.642,5.379,8.847,307.5,2,-0.00064,0.00031,0.00012,0.00004
0.486,-0.642,5.379,8.847,322.5,2,0.00049,0.00055,0.00017,0.00008
0.486,-0.642,5.379,8.847,337.5,2,0.0003,0.00105,0.0006,0.00001
0.486,-0.642,5.379,8.847,352.5,2,0.00086,0.00132,0.00012,0.00082
0.494,-0.402,7.044,10.992,7.5,2,0.00031,0.00014,0.00007,0.00002
0.494,-0.402,7.044,10.992,22.5,2,0.00037,0.00014,0.00011,0.00006
0.494,-0.402,7.044,10.992,37.5,2,0.00028,0.00013,0.00003,0.00005
0.494,-0.402,7.044,10.992,52.5,2,0.00003,0.00012,0.00003,0.00003
0.494,-0.402,7.044,10.992,67.5,2,0.00029,0.00011,0.00002,0.00003
0.494,-0.402,7.044,10.992,82.5,2,0.00028,0.00011,0.00005,0.00003
0.494,-0.402,7.044,10.992,97.5,2,0.00025,0.0001,0.00002,0.00002
0.494,-0.402,7.044,10.992,112.5,2,0.00018,0.0001,0.00003,0.00003
0.494,-0.402,7.044,10.992,127.5,2,0.00018,0.0001,0.00004,0.00003
0.494,-0.402,7.044,10.992,142.5,2,0.00016,0.0001,0.00002,0.00003
0.494,-0.402,7.044,10.992,157.5,2,0.00024,0.0001,0.00002,0.00003
0.494,-0.402,7.044,10.992,172.5,2,-0.00009,0.0001,0.00002,0.00007
0.494,-0.402,7.044,10.992,187.5,2,0.0001,0.00009,0.00002,0.00004
0.494,-0.402,7.044,10.992,202.5,2,-0.00004,0.0001,0.00002,0.00002
0.494,-0.402,7.044,10.992,217.5,2,-0.00009,0.0001,0.00003,0.00002
0.494,-0.402,7.044,10.992,232.5,2,-0.00018,0.0001,0.00001,0.00003
0.494,-0.402,7.044,10.992,247.5,2,-0.0001,0.00011,0.00003,0.00004
0.494,-0.402,7.044,10.992,262.5,2,-0.00034,0.00011,0.00002,0.00009
0.494,-0.402,7.044,10.992,277.5,2,-0.00021,0.00011,0.00002,0.00005
0.494,-0.402,7.044,10.992,292.5,2,-0.00009,0.00012,0.00003,0.00002
0.494,-0.402,7.044,10.992,307.5,2,-0.00017,0.00012,0.00005,0.00003
0.494,-0.402,7.044,10.992,322.5,2,-0.00036,0.00013,0.00004,0.00001
0.494,-0.402,7.044,10.992,337.5,2,0.00005,0.00013,0.00003,0.00002
0.494,-0.402,7.044,10.992,352.5,2,0.00013,0.00014,0.00005,0.00001
0.498,-0.486,7.093,10.992,7.5,2,0.00019,0.0002,0.00014,0.00005
0.498,-0.486,7.093,10.992,22.5,2,0.00041,0.00016,0.00003,0.00009
0.498,-0.486,7.093,10.992,37.5,2,0.0001,0.00014,0.00003,0.00001
0.498,-0.486,7.093,10.992,52.5,2,0.00026,0.00012,0.00006,0.00005
0.498,-0.486,7.093,10.992,67.5,2,0.00018,0.0001,0.00006,0.00003
0.498,-0.486,7.093,10.992,82.5,2,0.00028,0.00009,0.00007,0.00003
0.498,-0.486,7.093,10.992,97.5,2,0.00029,0.00008,0.00003,0.00002
0.498,-0.486,7.093,10.992,112.5,2,0.00028,0.00008,0.00003,0.00001
0.498,-0.486,7.093,10.992,127.5,2,0.00005,0.00008,0.00003,0.00005
0.498,-0.486,7.093,10.992,142.5,2,0.00017,0.00008,0.00002,0.00002
0.498,-0.486,7.093,10.992,157.5,2,0.00016,0.00008,0.00003,0.00001
0.498,-0.486,7.093,10.992,172.5,2,0.00012,0.00008,0.00003,0.00002
0.498,-0.486,7.093,10.992,187.5,2,-0.00002,0.00007,0.00005,0.00001
0.498,-0.486,7.093,10.992,202.5,2,-0.00017,0.00008,0.00006,0.00002
0.498,-0.486,7.093,10.992,217.5,2,-0.00011,0.00009,0.00002,0.00004
0.498,-0.486,7.093,10.992,232.5,2,-0.00021,0.00008,0.00004,0.00002
0.498,-0.486,7.093,10.992,247.5,2,-0.00023,0.00009,0.00003,0.00003
0.498,-0.486,7.093,10.992,262.5,2,-0.0002,0.00009,0.00002,0.00002
0.498,-0.486,7.093,10.992,277.5,2,-0.0003,0.0001,0.00003,0.00003
0.498,-0.486,7.093,10.992,292.5,2,-0.00037,0.0001,0.00004,0.00003
0.498,-0.486,7.093,10.992,307.5,2,-0.00037,0.00012,0.00004,0.00003
0.498,-0.486,7.093,10.992,322.5,2,-0.00012,0.00013,0.00002,0.00009
0.498,-0.486,7.093,10.992,337.5,2,-0.00034,0.00017,0.00011,0.00005
0.498,-0.486,7.093,10.992,352.5,2,-0.00005,0.00019,0.00006,0.00006
0.499,-0.571,7.115,10.992,7.5,2,-0.00006,0.00033,0.00004,0.00008
0.499,-0.571,7.115,10.992,22.5,2,0.00053,0.00024,0.00009,0.00009
0.499,-0.571,7.115,10.992,37.5,2,-0.00001,0.00016,0.00003,0.00003
0.499,-0.571,7.115,10.992,52.5,2,0.00059,0.00012,0.00006,0.00007
0.499,-0.571,7.115,10.992,67.5,2,0.00034,0.00009,0.00003,0.00002
0.499,-0.571,7.115,10.992,82.5,2,0.00025,0.00008,0.00004,0.00002
0.499,-0.571,7.115,10.992,97.5,2,0.00028,0.00008,0.00001,0.00002
0.499,-0.571,7.115,10.992,112.5,2,0.00005,0.00007,0.00002,0.00001
0.499,-0.571,7.115,10.992,127.5,2,0.0001,0.00007,0.00004,0.00001
0.499,-0.571,7.115,10.992,142.5,2,0.00024,0.00007,0.00004,0.00003
0.499,-0.571,7.115,10.992,157.5,2,0.0002,0.00007,0.00002,0.00002
0.499,-0.571,7.115,10.992,172.5,2,0.00002,0.00007,0.00001,0.00002
0.499,-0.571,7.115,10.992,187.5,2,-0.00003,0.00007,0.00003,0.00002
0.499,-0.571,7.115,10.992,202.5,2,0,0.00008,0.00001,0.00003
0.499,-0.571,7.115,10.992,217.5,2,-0.00013,0.00007,0.00002,0.00003
0.499,-0.571,7.115,10.992,232.5,2,-0.00023,0.00008,0.00003,0.00004
0.499,-0.571,7.115,10.992,247.5,2,-0.00018,0.00008,0.00004,0.00002
0.499,-0.571,7.115,10.992,262.5,2,-0.00034,0.00009,0.00001,0.00001
0.499,-0.571,7.115,10.992,277.5,2,-0.00022,0.00009,0.00001,0.00002
0.499,-0.571,7.115,10.992,292.5,2,-0.00019,0.0001,0.00003,0.00002
0.499,-0.571,7.115,10.992,307.5,2,-0.00016,0.00013,0.00004,0.00003
0.499,-0.571,7.115,10.992,322.5,2,-0.00003,0.00016,0.00001,0.00004
0.499,-0.571,7.115,10.992,337.5,2,-0.0001,0.00022,0.0001,0.00003
0.499,-0.571,7.115,10.992,352.5,2,0.00031,0.0003,0.00011,0.00005
0.499,-0.656,7.106,10.992,7.5,2,-0.00006,0.00065,0.00012,0.00027
0.499,-0.656,7.106,10.992,22.5,2,0.00012,0.00041,0.00012,0.0001
0.499,-0.656,7.106,10.992,37.5,2,0.0002,0.00024,0.00005,0.00002
0.499,-0.656,7.106,10.992,52.5,2,0.00017,0.00012,0.00004,0.00004
0.499,-0.656,7.106,10.992,67.5,2,0.00026,0.00009,0.00002,0.00001
0.499,-0.656,7.106,10.992,82.5,2,0.00027,0.00008,0.00002,0.00004
0.499,-0.656,7.106,10.992,97.5,2,0.00016,0.00008,0.00002,0.00002
0.499,-0.656,7.106,10.992,112.5,2,0.00018,0.00007,0.00002,0.00003
0.499,-0.656,7.106,10.992,127.5,2,0.00018,0.00006,0.00002,0.00001
0.499,-0.656,7.106,10.992,142.5,2,-0.00002,0.00006,0.00001,0.00001
0.499,-0.656,7.106,10.992,157.5,2,0.00011,0.00006,0.00002,0.00003
0.499,-0.656,7.106,10.992,172.5,2,-0.00001,0.00006,0.00002,0
0.499,-0.656,7.106,10.992,187.5,2,0.00005,0.00006,0.00001,0.00001
0.499,-0.656,7.106,10.992,202.5,2,0.00003,0.00006,0.00001,0.00002
0.499,-0.656,7.106,10.992,217.5,2,0.00001,0.00006,0.00002,0.00003
0.499,-0.656,7.106,10.992,232.5,2,-0.00018,0.00007,0.00002,0.00003
0.499,-0.656,7.106,10.992,247.5,2,-0.00026,0.00007,0.00003,0.00002
0.499,-0.656,7.106,10.992,262.5,2,-0.00015,0.00009,0.00006,0.00002
0.499,-0.656,7.106,10.992,277.5,2,-0.00015,0.00008,0.00002,0.00003
0.499,-0.656,7.106,10.992,292.5,2,-0.00022,0.00009,0.00003,0.00003
0.499,-0.656,7.106,10.992,307.5,2,-0.00024,0.00013,0.00005,0.00005
0.499,-0.656,7.106,10.992,322.5,2,-0.00033,0.00021,0.00006,0.00002
0.499,-0.656,7.106,10.992,337.5,2,0.00052,0.00028,0.00009,0.00007
0.499,-0.656,7.106,10.992,352.5,2,-0.00056,0.00035,0.00005,0.00013
0.498,-0.816,7.102,10.992,7.5,2,0.00202,0.00189,0.00097,0.00049
0.498,-0.816,7.102,10.992,22.5,2,0.00033,0.0008,0.00003,0.00024
0.498,-0.816,7.102,10.992,37.5,2,-0.00015,0.00023,0.00008,0.00007
0.498,-0.816,7.102,10.992,52.5,2,0.00028,0.0001,0.00003,0.00002
0.498,-0.816,7.102,10.992,67.5,2,0.00015,0.00006,0.00003,0
0.498,-0.816,7.102,10.992,82.5,2,0.00029,0.00005,0,0.00004
0.498,-0.816,7.102,10.992,97.5,2,0.00013,0.00004,0.00002,0.00002
0.498,-0.816,7.102,10.992,112.5,2,0.00007,0.00003,0.00001,0.00001
0.498,-0.816,7.102,10.992,127.5,2,0.00008,0.00003,0,0.00001
0.498,-0.816,7.102,10.992,142.5,2,0.00006,0.00003,0.00001,0
0.498,-0.816,7.102,10.992,157.5,2,-0.00001,0.00003,0.00001,0.00002
0.498,-0.816,7.102,10.992,172.5,2,0.00004,0.00003,0.00001,0.00001
0.498,-0.816,7.102,10.992,187.5,2,-0.00005,0.00004,0,0.00001
0.498,-0.816,7.102,10.992,202.5,2,-0.00001,0.00004,0.00002,0.00002
0.498,-0.816,7.102,10.992,217.5,2,-0.00006,0.00003,0.00001,0.00001
0.498,-0.816,7.102,10.992,232.5,2,-0.00008,0.00004,0.00001,0
0.498,-0.816,7.102,10.992,247.5,2,-0.00016,0.00004,0.00001,0.00001
0.498,-0.816,7.102,10.992,262.5,2,-0.0001,0.00005,0,0.00002
0.498,-0.816,7.102,10.992,277.5,2,-0.00012,0.00005,0.00002,0.00002
0.498,-0.816,7.102,10.992,292.5,2,-0.00023,0.00006,0.00002,0.00002
0.498,-0.816,7.102,10.992,307.5,2,-0.00011,0.0001,0.00004,0.00005
0.498,-0.816,7.102,10.992,322.5,2,-0.00026,0.0002,0.00006,0.00004
0.498,-0.816,7.102,10.992,337.5,2,0.00016,0.00068,0.00004,0.00002
0.498,-0.816,7.102,10.992,352.5,2,0.00005,0.00027,0.00002,0.00001
0.61,-0.729,5.604,8.521,7.5,2,0.000017,0.000033,0.000021,0.000011
0.61,-0.729,5.604,8.521,22.5,2,0.00015,0.000041,0,0.000024
0.61,-0.729,5.604,8.521,37.5,2,0.00002,0.000042,0.000018,0.000009
0.61,-0.729,5.604,8.521,52.5,2,0.000095,0.000042,0.00001,0.000006
0.61,-0.729,5.604,8.521,67.5,2,0.000123,0.000043,0.000014,0.000008
0.61,-0.729,5.604,8.521,82.5,2,0.000085,0.000043,0.000016,0.000007
0.61,-0.729,5.604,8.521,97.5,2,0.000064,0.000042,0.000023,0.00001
0.61,-0.729,5.604,8.521,112.5,2,0.000057,0.000041,0.000006,0.000011
0.61,-0.729,5.604,8.521,127.5,2,0.000057,0.000041,0.000032,0.000009
0.61,-0.729,5.604,8.521,142.5,2,0.000045,0.00004,0.000006,0.000015
0.61,-0.729,5.604,8.521,157.5,2,0.000061,0.000038,0.000023,0.000003
0.61,-0.729,5.604,8.521,172.5,2,0.000037,0.000031,0.000015,0
0.61,-0.729,5.604,8.521,187.5,2,-0.00003,0.000074,0.000048,0.000007
0.61,-0.729,5.604,8.521,202.5,2,-0.000001,0.000052,0.000018,0.00002
0.61,-0.729,5.604,8.521,217.5,2,0.000021,0.00005,0.000013,0.000027
0.61,-0.729,5.604,8.521,232.5,2,-0.000127,0.00005,0.000022,0.00001
0.61,-0.729,5.604,8.521,247.5,2,-0.000165,0.000051,0.000034,0
0.61,-0.729,5.604,8.521,262.5,2,-0.000145,0.000052,0.000027,0
0.61,-0.729,5.604,8.521,277.5,2,-0.00013,0.000049,0.000005,0.000028
0.61,-0.729,5.604,8.521,292.5,2,-0.000144,0.00005,0.000024,0.000002
0.61,-0.729,5.604,8.521,307.5,2,-0.000076,0.000051,0.000007,0.00002
0.61,-0.729,5.604,8.521,322.5,2,-0.000062,0.000051,0.000009,0.00004
0.61,-0.729,5.604,8.521,337.5,2,-0.000017,0.000055,0,0.000036
0.61,-0.729,5.604,8.521,352.5,2,-0.000133,0.00008,0.000022,0.000032
0.612,-0.861,5.617,8.521,7.5,2,-0.000034,0.000042,0.000009,0.000027
0.612,-0.861,5.617,8.521,22.5,2,0.000048,0.000045,0.00001,0.000014
0.612,-0.861,5.617,8.521,37.5,2,0.000156,0.000043,0.000007,0.000034
0.612,-0.861,5.617,8.521,52.5,2,0.000192,0.000042,0.000003,0.000021
0.612,-0.861,5.617,8.521,67.5,2,0.000151,0.00004,0.000008,0.000038
0.612,-0.861,5.617,8.521,82.5,2,0.000124,0.00004,0.000004,0.000023
0.612,-0.861,5.617,8.521,97.5,2,0.000109,0.000038,0.000018,0.000004
0.612,-0.861,5.617,8.521,112.5,2,0.000074,0.000037,0.000025,0.000008
0.612,-0.861,5.617,8.521,127.5,2,0.000092,0.000035,0.000003,0.000014
0.612,-0.861,5.617,8.521,142.5,2,0.000023,0.000035,0.000018,0.000007
0.612,-0.861,5.617,8.521,157.5,2,0.000009,0.000035,0.000017,0.000009
0.612,-0.861,5.617,8.521,172.5,2,-0.000012,0.00003,0.000024,0.000014
0.612,-0.861,5.617,8.521,187.5,2,-0.000024,0.000048,0.00002,0
0.612,-0.861,5.617,8.521,202.5,2,-0.000038,0.000042,0.000018,0.00002
0.612,-0.861,5.617,8.521,217.5,2,-0.000084,0.000042,0.000011,0.000017
0.612,-0.861,5.617,8.521,232.5,2,-0.000101,0.000044,0.000021,0.00001
0.612,-0.861,5.617,8.521,247.5,2,-0.000091,0.000047,0.000037,0.00001
0.612,-0.861,5.617,8.521,262.5,2,-0.000097,0.000047,0.000006,0.000025
0.612,-0.861,5.617,8.521,277.5,2,-0.000123,0.000045,0.000002,0.000018
0.612,-0.861,5.617,8.521,292.5,2,-0.000159,0.000046,0.000025,0.000007
0.612,-0.861,5.617,8.521,307.5,2,-0.00011,0.000044,0.000013,0.000011
0.612,-0.861,5.617,8.521,322.5,2,-0.000109,0.000047,0.000032,0
0.612,-0.861,5.617,8.521,337.5,2,-0.000043,0.000053,0.000015,0.000025
0.612,-0.861,5.617,8.521,352.5,2,-0.000009,0.000064,0.000033,0.000014
0.615,-0.994,5.638,8.521,7.5,2,0,0.000064,0.000015,0.000057
0.615,-0.994,5.638,8.521,22.5,2,0.000141,0.000056,0,0.000051
0.615,-0.994,5.638,8.521,37.5,2,0.000083,0.000047,0.000022,0.000009
0.615,-0.994,5.638,8.521,52.5,2,0.000112,0.00004,0.000008,0.00004
0.615,-0.994,5.638,8.521,67.5,2,0.000039,0.000039,0.000005,0.000015
0.615,-0.994,5.638,8.521,82.5,2,0.000104,0.000038,0,0.000019
0.615,-0.994,5.638,8.521,97.5,2,0.000082,0.000037,0.000018,0.000024
0.615,-0.994,5.638,8.521,112.5,2,0.000044,0.000036,0.000006,0.000007
0.615,-0.994,5.638,8.521,127.5,2,0.000073,0.000034,0.000005,0.000031
0.615,-0.994,5.638,8.521,142.5,2,0.000032,0.000034,0.000021,0.000006
0.615,-0.994,5.638,8.521,157.5,2,0.000019,0.000033,0.00001,0.000018
0.615,-0.994,5.638,8.521,172.5,2,-0.000018,0.00003,0.000013,0.00001
0.615,-0.994,5.638,8.521,187.5,2,-0.00007,0.000044,0.000025,0.000005
0.615,-0.994,5.638,8.521,202.5,2,0.000025,0.00004,0.000019,0.000005
0.615,-0.994,5.638,8.521,217.5,2,-0.000066,0.00004,0.000021,0.000028
0.615,-0.994,5.638,8.521,232.5,2,-0.000009,0.000042,0.000005,0.000004
0.615,-0.994,5.638,8.521,247.5,2,-0.000077,0.000046,0.000022,0.000006
0.615,-0.994,5.638,8.521,262.5,2,-0.000125,0.000046,0.000029,0.000005
0.615,-0.994,5.638,8.521,277.5,2,-0.00017,0.000046,0.000013,0.00001
0.615,-0.994,5.638,8.521,292.5,2,-0.00014,0.000042,0.000002,0.000029
0.615,-0.994,5.638,8.521,307.5,2,-0.000113,0.000043,0.000015,0.000017
0.615,-0.994,5.638,8.521,322.5,2,-0.000089,0.00005,0.000046,0.000011
0.615,-0.994,5.638,8.521,337.5,2,-0.000041,0.000064,0.000008,0.000025
0.615,-0.994,5.638,8.521,352.5,2,-0.000014,0.000088,0.000075,0.000001
0.617,-1.128,5.653,8.521,7.5,2,-0.000021,0.000114,0.000092,0.00001
0.617,-1.128,5.653,8.521,22.5,2,0.000106,0.000089,0.000035,0.000029
0.617,-1.128,5.653,8.521,37.5,2,0.000118,0.00006,0.000018,0.000012
0.617,-1.128,5.653,8.521,52.5,2,0.000113,0.000046,0.000029,0.000014
0.617,-1.128,5.653,8.521,67.5,2,0.00008,0.000038,0.000013,0.000008
0.617,-1.128,5.653,8.521,82.5,2,0.000043,0.000037,0.000018,0.000012
0.617,-1.128,5.653,8.521,97.5,2,0.000054,0.000035,0.000012,0.00001
0.617,-1.128,5.653,8.521,112.5,2,0.000095,0.000034,0.000013,0.000012
0.617,-1.128,5.653,8.521,127.5,2,0.00001,0.000033,0.000023,0.000005
0.617,-1.128,5.653,8.521,142.5,2,0.000115,0.000035,0.000009,0.00004
0.617,-1.128,5.653,8.521,157.5,2,-0.000017,0.000035,0.000019,0.000009
0.617,-1.128,5.653,8.521,172.5,2,-0.000028,0.000035,0.000018,0.000009
0.617,-1.128,5.653,8.521,187.5,2,0.000015,0.000045,0.000013,0.000008
0.617,-1.128,5.653,8.521,202.5,2,0.000001,0.00004,0.000006,0.00002
0.617,-1.128,5.653,8.521,217.5,2,-0.000045,0.000042,0.000038,0.000021
0.617,-1.128,5.653,8.521,232.5,2,-0.000075,0.000043,0.000001,0.000016
0.617,-1.128,5.653,8.521,247.5,2,-0.000072,0.000045,0.00004,0.000004
0.617,-1.128,5.653,8.521,262.5,2,-0.000142,0.000049,0.000008,0.000022
0.617,-1.128,5.653,8.521,277.5,2,-0.000099,0.000046,0.000017,0.000013
0.617,-1.128,5.653,8.521,292.5,2,-0.000062,0.000045,0.000027,0
0.617,-1.128,5.653,8.521,307.5,2,-0.000149,0.000049,0.000016,0.00001
0.617,-1.128,5.653,8.521,322.5,2,-0.000154,0.000059,0.000026,0.000008
0.617,-1.128,5.653,8.521,337.5,2,-0.000008,0.000093,0.000026,0.000038
0.617,-1.128,5.653,8.521,352.5,2,-0.000096,0.000157,0.000058,0.000002
0.616,-1.315,5.659,8.521,7.5,2,0.000117,0.000338,0.00003,0.000245
0.616,-1.315,5.659,8.521,22.5,2,0.000393,0.000171,0.000023,0.000082
0.616,-1.315,5.659,8.521,37.5,2,0.000113,0.000072,0.000028,0.000018
0.616,-1.315,5.659,8.521,52.5,2,0.000088,0.000043,0.000011,0.000004
0.616,-1.315,5.659,8.521,67.5,2,0.000052,0.000037,0.000002,0.000025
0.616,-1.315,5.659,8.521,82.5,2,0.000066,0.000032,0.000002,0.000022
0.616,-1.315,5.659,8.521,97.5,2,0.000053,0.000029,0.000004,0.000009
0.616,-1.315,5.659,8.521,112.5,2,0.000038,0.000026,0.000008,0.000016
0.616,-1.315,5.659,8.521,127.5,2,0.000053,0.000025,0.000004,0.000019
0.616,-1.315,5.659,8.521,142.5,2,0.000015,0.000028,0.000001,0.000021
0.616,-1.315,5.659,8.521,157.5,2,-0.00002,0.000029,0.000022,0.000002
0.616,-1.315,5.659,8.521,172.5,2,0.000017,0.000027,0.000003,0.000019
0.616,-1.315,5.659,8.521,187.5,2,-0.000001,0.000032,0.00001,0.000008
0.616,-1.315,5.659,8.521,202.5,2,0.000009,0.000029,0,0.000023
0.616,-1.315,5.659,8.521,217.5,2,-0.000019,0.00003,0.00001,0.000014
0.616,-1.315,5.659,8.521,232.5,2,-0.000056,0.00003,0.000013,0.000006
0.616,-1.315,5.659,8.521,247.5,2,-0.000069,0.000035,0.000004,0.000007
0.616,-1.315,5.659,8.521,262.5,2,-0.000047,0.000039,0.000006,0.000013
0.616,-1.315,5.659,8.521,277.5,2,-0.000083,0.000037,0.000015,0.000011
0.616,-1.315,5.659,8.521,292.5,2,-0.000095,0.000037,0.00001,0.000008
0.616,-1.315,5.659,8.521,307.5,2,-0.000154,0.000048,0.000058,0.000007
0.616,-1.315,5.659,8.521,322.5,2,-0.000073,0.00008,0.000065,0.000007
0.616,-1.315,5.659,8.521,337.5,2,0.000129,0.000184,0.000001,0.000067
0.616,-1.315,5.659,8.521,352.5,2,-0.000356,0.000468,0,0.000175
0.608,-0.76,8.44,10.591,7.5,2,-0.000015,0.00002,0.000005,0.000004
0.608,-0.76,8.44,10.591,22.5,2,-0.000027,0.000022,0.000007,0.000004
0.608,-0.76,8.44,10.591,37.5,2,0.000029,0.000021,0.000002,0.000011
0.608,-0.76,8.44,10.591,52.5,2,0.000055,0.000023,0.000005,0.000003
0.608,-0.76,8.44,10.591,67.5,2,0.000056,0.000023,0.000003,0.000006
0.608,-0.76,8.44,10.591,82.5,2,0.000047,0.000023,0.00001,0.000004
0.608,-0.76,8.44,10.591,97.5,2,0.000023,0.000022,0.000006,0.000006
0.608,-0.76,8.44,10.591,112.5,2,0.000074,0.000022,0.00002,0
0.608,-0.76,8.44,10.591,127.5,2,0.00004,0.000021,0.000005,0.000004
0.608,-0.76,8.44,10.591,142.5,2,0.000015,0.000021,0.00001,0.000009
0.608,-0.76,8.44,10.591,157.5,2,0.000006,0.000021,0.000009,0.000003
0.608,-0.76,8.44,10.591,172.5,2,0.000018,0.000019,0.000004,0.000007
0.608,-0.76,8.44,10.591,187.5,2,0.000014,0.000023,0.000011,0.000007
0.608,-0.76,8.44,10.591,202.5,2,-0.000057,0.000022,0.000004,0.000004
0.608,-0.76,8.44,10.591,217.5,2,0.000013,0.000023,0.000002,0.000008
0.608,-0.76,8.44,10.591,232.5,2,-0.000049,0.000023,0.000015,0.000004
0.608,-0.76,8.44,10.591,247.5,2,-0.00007,0.000023,0.000003,0.000006
0.608,-0.76,8.44,10.591,262.5,2,-0.000033,0.000023,0.000011,0.000004
0.608,-0.76,8.44,10.591,277.5,2,-0.000013,0.000023,0.000005,0.000009
0.608,-0.76,8.44,10.591,292.5,2,-0.000041,0.000024,0.000009,0.000008
0.608,-0.76,8.44,10.591,307.5,2,-0.000042,0.000024,0.00001,0.000001
0.608,-0.76,8.44,10.591,322.5,2,-0.000005,0.000024,0.000008,0.000008
0.608,-0.76,8.44,10.591,337.5,2,-0.000027,0.000023,0.000008,0.000001
0.608,-0.76,8.44,10.591,352.5,2,0.000009,0.000025,0.000002,0.000015
0.609,-0.877,8.453,10.591,7.5,2,0.000049,0.000026,0.000005,0.000008
0.609,-0.877,8.453,10.591,22.5,2,-0.000009,0.000025,0.000012,0.000004
0.609,-0.877,8.453,10.591,37.5,2,0.000052,0.000023,0.000007,0.000023
0.609,-0.877,8.453,10.591,52.5,2,0.00003,0.000022,0.000013,0.000005
0.609,-0.877,8.453,10.591,67.5,2,0.000036,0.00002,0.000006,0.000011
0.609,-0.877,8.453,10.591,82.5,2,0.000062,0.000019,0.000005,0.000007
0.609,-0.877,8.453,10.591,97.5,2,0.000045,0.000018,0.000004,0.000003
0.609,-0.877,8.453,10.591,112.5,2,0.000045,0.000017,0.000005,0.000004
0.609,-0.877,8.453,10.591,127.5,2,0.000017,0.000017,0.000008,0.000001
0.609,-0.877,8.453,10.591,142.5,2,0.000023,0.000016,0.000008,0.000005
0.609,-0.877,8.453,10.591,157.5,2,0.000028,0.000016,0.000006,0.000007
0.609,-0.877,8.453,10.591,172.5,2,-0.000004,0.000015,0.000004,0.000003
0.609,-0.877,8.453,10.591,187.5,2,-0.000025,0.000016,0.000009,0
0.609,-0.877,8.453,10.591,202.5,2,-0.000008,0.000017,0,0.000008
0.609,-0.877,8.453,10.591,217.5,2,0,0.000017,0.000003,0.000002
0.609,-0.877,8.453,10.591,232.5,2,-0.000049,0.000018,0.000002,0.000005
0.609,-0.877,8.453,10.591,247.5,2,-0.000071,0.00002,0.00001,0.000002
0.609,-0.877,8.453,10.591,262.5,2,-0.00004,0.00002,0.000005,0.000007
0.609,-0.877,8.453,10.591,277.5,2,-0.000065,0.00002,0.000006,0.000005
0.609,-0.877,8.453,10.591,292.5,2,-0.000043,0.000021,0.000014,0.000013
0.609,-0.877,8.453,10.591,307.5,2,-0.000024,0.000022,0.000007,0.000002
0.609,-0.877,8.453,10.591,322.5,2,-0.000063,0.000023,0.000005,0.000007
0.609,-0.877,8.453,10.591,337.5,2,-0.000074,0.000026,0.000006,0.000007
0.609,-0.877,8.453,10.591,352.5,2,-0.00001,0.000028,0.000009,0.000005
0.611,-0.994,8.481,10.591,7.5,2,0.000003,0.00003,0.000005,0.000009
0.611,-0.994,8.481,10.591,22.5,2,0.000016,0.000025,0.000008,0.000016
0.611,-0.994,8.481,10.591,37.5,2,0.000019,0.000022,0.000007,0.000016
0.611,-0.994,8.481,10.591,52.5,2,0.000044,0.000019,0.00001,0.000012
0.611,-0.994,8.481,10.591,67.5,2,0.000043,0.000018,0.000007,0.000004
0.611,-0.994,8.481,10.591,82.5,2,0.000046,0.000017,0.000007,0.000003
0.611,-0.994,8.481,10.591,97.5,2,0.000032,0.000017,0.000008,0.00001
0.611,-0.994,8.481,10.591,112.5,2,0.000006,0.000015,0.000006,0.000003
0.611,-0.994,8.481,10.591,127.5,2,0.000034,0.000015,0.000004,0.000006
0.611,-0.994,8.481,10.591,142.5,2,0.000047,0.000015,0,0.000007
0.611,-0.994,8.481,10.591,157.5,2,0.000012,0.000014,0.000001,0.000008
0.611,-0.994,8.481,10.591,172.5,2,0.000005,0.000015,0.000004,0.000002
0.611,-0.994,8.481,10.591,187.5,2,0.000012,0.000016,0.000004,0.000007
0.611,-0.994,8.481,10.591,202.5,2,-0.000042,0.000016,0.000006,0.000001
0.611,-0.994,8.481,10.591,217.5,2,-0.000043,0.000018,0.000002,0.000004
0.611,-0.994,8.481,10.591,232.5,2,-0.000045,0.000018,0.000009,0.000006
0.611,-0.994,8.481,10.591,247.5,2,-0.00003,0.000019,0.000005,0.000003
0.611,-0.994,8.481,10.591,262.5,2,-0.000042,0.000018,0.000006,0.000003
0.611,-0.994,8.481,10.591,277.5,2,-0.000054,0.000018,0.000006,0.000004
0.611,-0.994,8.481,10.591,292.5,2,-0.000079,0.000019,0.000002,0.000012
0.611,-0.994,8.481,10.591,307.5,2,-0.000053,0.000019,0.000002,0.000012
0.611,-0.994,8.481,10.591,322.5,2,-0.000016,0.00002,0.000008,0.000006
0.611,-0.994,8.481,10.591,337.5,2,0.000007,0.000024,0.000012,0.000013
0.611,-0.994,8.481,10.591,352.5,2,-0.000052,0.000028,0.000011,0.00001
0.613,-1.112,8.501,10.591,7.5,2,-0.000033,0.000059,0.000026,0.000031
0.613,-1.112,8.501,10.591,22.5,2,0.000076,0.000045,0.000014,0.000018
0.613,-1.112,8.501,10.591,37.5,2,0.000096,0.000032,0.000013,0.000006
0.613,-1.112,8.501,10.591,52.5,2,0.000045,0.000022,0.000004,0.000005
0.613,-1.112,8.501,10.591,67.5,2,0.000077,0.000019,0.000004,0.000009
0.613,-1.112,8.501,10.591,82.5,2,0.000025,0.000017,0.000002,0.000003
0.613,-1.112,8.501,10.591,97.5,2,0.00006,0.000016,0.000001,0.000008
0.613,-1.112,8.501,10.591,112.5,2,0.000025,0.000014,0.000005,0
0.613,-1.112,8.501,10.591,127.5,2,0.000034,0.000013,0.000005,0.000007
0.613,-1.112,8.501,10.591,142.5,2,0.000016,0.000012,0.000003,0.000003
0.613,-1.112,8.501,10.591,157.5,2,-0.000006,0.000012,0.000003,0.000003
0.613,-1.112,8.501,10.591,172.5,2,-0.000004,0.000011,0.000002,0.000005
0.613,-1.112,8.501,10.591,187.5,2,-0.00002,0.000012,0.000002,0.000004
0.613,-1.112,8.501,10.591,202.5,2,0.000006,0.000013,0.000007,0.000005
0.613,-1.112,8.501,10.591,217.5,2,-0.000006,0.000014,0.000004,0.000003
0.613,-1.112,8.501,10.591,232.5,2,-0.000008,0.000015,0.000002,0.000006
0.613,-1.112,8.501,10.591,247.5,2,-0.00004,0.000015,0.000007,0.000004
0.613,-1.112,8.501,10.591,262.5,2,-0.000032,0.000016,0.000006,0.000008
0.613,-1.112,8.501,10.591,277.5,2,-0.000031,0.000018,0.000005,0.000001
0.613,-1.112,8.501,10.591,292.5,2,-0.000052,0.00002,0.000007,0.000009
0.613,-1.112,8.501,10.591,307.5,2,-0.000073,0.000022,0.00001,0.000005
0.613,-1.112,8.501,10.591,322.5,2,-0.000075,0.000029,0.000012,0.000004
0.613,-1.112,8.501,10.591,337.5,2,-0.000069,0.000047,0.000012,0.000018
0.613,-1.112,8.501,10.591,352.5,2,-0.000034,0.000061,0.000012,0.000024
0.613,-1.277,8.513,10.591,7.5,2,0.000292,0.000098,0.000026,0.000012
0.613,-1.277,8.513,10.591,22.5,2,-0.000002,0.000061,0.000015,0.000026
0.613,-1.277,8.513,10.591,37.5,2,0.000054,0.000029,0.000004,0.000015
0.613,-1.277,8.513,10.591,52.5,2,0.000056,0.000019,0.000008,0.000005
0.613,-1.277,8.513,10.591,67.5,2,0.000042,0.000015,0.000003,0.000006
0.613,-1.277,8.513,10.591,82.5,2,0.000018,0.000014,0.000004,0.000009
0.613,-1.277,8.513,10.591,97.5,2,0.000024,0.000013,0.000006,0.000004
0.613,-1.277,8.513,10.591,112.5,2,0.000023,0.000011,0.000006,0.000001
0.613,-1.277,8.513,10.591,127.5,2,0.000018,0.000009,0.000001,0.000003
0.613,-1.277,8.513,10.591,142.5,2,0.000003,0.000009,0.000006,0.000001
0.613,-1.277,8.513,10.591,157.5,2,-0.000001,0.00001,0.000003,0.000001
0.613,-1.277,8.513,10.591,172.5,2,0.000014,0.000011,0.000001,0.000002
0.613,-1.277,8.513,10.591,187.5,2,0.000011,0.000011,0.000002,0.000002
0.613,-1.277,8.513,10.591,202.5,2,-0.000003,0.000011,0,0.000009
0.613,-1.277,8.513,10.591,217.5,2,-0.000014,0.000011,0.000001,0.000003
0.613,-1.277,8.513,10.591,232.5,2,-0.000035,0.000011,0.000002,0.000006
0.613,-1.277,8.513,10.591,247.5,2,-0.000027,0.000012,0.000003,0.000004
0.613,-1.277,8.513,10.591,262.5,2,-0.000045,0.000013,0.000005,0.000002
0.613,-1.277,8.513,10.591,277.5,2,-0.000038,0.000014,0.000004,0.000001
0.613,-1.277,8.513,10.591,292.5,2,-0.000054,0.000015,0.000007,0.000004
0.613,-1.277,8.513,10.591,307.5,2,-0.00002,0.000019,0.000004,0.000007
0.613,-1.277,8.513,10.591,322.5,2,0.000003,0.00003,0.000014,0.000003
0.613,-1.277,8.513,10.591,337.5,2,0.000082,0.000051,0.000011,0.00002
0.613,-1.277,8.513,10.591,352.5,2,-0.000193,0.000114,0.000037,0.000008